G1,G4,G8,G2,G6,G9,G5,G3,G7
33,764,529,50,728,948,226,41,68
48,842,488,38,756,742,205,53,62
44,843,607,69,784,765,219,41,42
49,809,481,50,799,954,240,44,48
49,832,547,55,789,532,248,58,42
53,923,498,41,867,919,252,46,49
57,911,565,58,826,778,196,72,50
53,865,561,61,800,729,268,46,79
45,901,529,38,810,533,187,46,64
41,841,505,51,746,728,252,51,40
58,753,540,53,891,908,233,40,63
47,779,566,48,738,898,224,33,57
36,777,474,48,813,883,242,42,47
58,948,513,58,812,887,255,49,45
36,944,522,46,898,961,231,48,46
49,725,521,51,871,688,265,47,54
47,906,556,56,854,558,264,36,46
35,858,558,56,836,932,214,41,42
48,860,521,62,820,708,228,41,35
44,798,547,46,845,722,237,42,43
35,890,553,70,743,764,277,37,41
64,894,585,64,849,689,280,58,67
46,809,596,57,781,770,257,47,48
35,864,510,42,900,534,220,56,61
50,727,550,47,900,799,241,54,54
49,865,501,49,860,742,191,40,63
32,960,481,67,781,889,221,45,54
42,832,509,52,744,875,198,62,51
59,957,512,45,749,510,273,47,37
40,793,481,54,717,735,267,55,73
50,938,500,55,758,738,221,40,43
41,846,554,52,789,917,253,44,51
50,924,547,48,810,966,250,49,57
52,906,575,60,828,549,195,66,54
45,959,569,53,889,953,217,48,63
36,885,505,59,817,807,253,51,75
46,915,511,56,768,744,188,43,57
54,795,463,46,841,953,197,45,45
53,906,486,56,851,935,214,60,55
32,933,532,45,788,762,280,38,56
41,944,593,57,785,750,254,42,52
47,794,484,56,848,545,227,46,45
52,1010,497,61,882,919,291,46,51
34,835,557,55,805,698,272,33,36
55,793,599,55,801,951,186,47,51
50,787,582,48,839,789,234,55,49
47,1017,490,54,895,748,221,46,68
50,956,537,63,856,900,224,45,46
47,951,467,61,865,763,211,56,48
51,909,480,49,822,968,286,34,58
58,740,484,50,849,745,240,40,38
51,901,521,57,724,874,270,47,51
41,902,504,53,857,691,223,52,78
60,793,504,41,762,926,201,47,41
43,758,519,45,836,761,220,48,56
61,936,581,42,863,872,224,46,39
51,840,518,50,881,960,216,59,37
49,853,543,50,892,860,244,53,39
44,856,515,41,803,709,263,46,53
52,921,534,51,757,731,246,38,63
48,729,517,44,913,881,237,52,41
47,987,486,58,802,525,244,40,61
47,1030,578,68,719,914,223,62,70
50,817,553,54,822,485,222,43,49
54,969,557,51,856,911,243,56,64
44,832,538,59,831,886,240,55,56
32,724,488,40,816,512,266,50,81
44,763,505,51,774,960,272,55,46
51,908,525,53,836,524,237,61,64
42,978,555,51,848,760,235,49,58
44,812,515,49,751,525,225,43,53
60,989,507,48,846,876,223,49,39
49,805,516,49,824,881,246,38,51
45,942,515,66,713,937,231,61,47
45,886,592,39,830,902,228,54,47
42,920,572,48,833,718,214,47,56
60,873,573,54,852,524,256,49,71
59,870,576,40,820,738,288,48,48
49,873,572,38,860,781,229,46,43
49,879,472,41,737,511,219,48,66
57,761,536,51,762,937,245,51,60
45,805,597,57,717,717,211,38,55
53,963,496,56,865,756,288,39,43
48,914,555,56,818,548,249,44,36
46,926,517,54,824,777,268,39,43
55,755,530,55,816,724,210,47,56
45,903,484,53,871,887,269,40,47
50,802,534,54,852,535,246,55,34
40,783,565,65,792,766,241,33,63
66,806,472,60,839,920,187,35,34
46,801,486,48,738,720,187,48,41
67,797,536,59,858,913,196,55,50
55,797,505,61,852,749,278,57,42
42,824,524,58,804,916,240,45,43
42,847,507,53,811,525,199,47,73
60,903,552,48,838,732,198,37,42
53,744,463,52,876,967,178,51,50
71,917,539,46,798,818,215,38,54
45,825,580,38,844,753,222,33,44
55,789,488,45,789,727,278,33,57
46,742,514,40,870,891,230,47,63
45,734,478,47,802,921,252,48,67
52,835,551,54,843,516,235,56,53
49,778,514,34,830,762,245,44,39
33,743,523,51,870,692,273,35,72
51,788,534,55,865,763,196,55,30
33,918,525,56,804,969,266,44,57
51,937,510,48,790,540,185,48,47
45,804,504,57,863,738,263,51,57
52,934,592,46,836,888,274,39,47
40,812,544,48,859,893,246,43,56
37,809,583,49,839,729,257,46,46
59,844,567,45,885,753,247,49,49
42,866,547,65,881,736,191,46,47
58,895,470,54,865,946,195,42,46
53,959,597,45,854,936,229,52,75
51,908,539,47,864,530,198,41,56
47,806,469,40,838,797,203,55,42
52,882,510,58,825,807,268,48,55
38,881,572,50,771,537,203,62,52
50,887,498,59,888,878,253,59,68
46,878,542,61,779,483,187,49,64
40,775,528,68,808,966,207,50,63
52,773,508,44,843,956,220,36,31
46,935,565,49,807,485,196,43,49
40,888,525,39,814,569,254,44,43
47,990,557,57,830,957,236,50,34
46,868,494,58,700,737,215,47,66
72,914,566,61,883,950,272,49,57
46,770,538,50,784,732,220,53,32
37,955,513,68,876,755,240,56,79
37,841,525,50,812,740,246,56,45
71,896,504,51,872,709,230,52,76
42,1001,496,55,757,703,239,49,67
65,895,476,47,812,759,244,44,42
47,775,509,68,856,738,209,50,54
52,866,499,53,844,541,241,34,36
51,854,612,41,819,979,204,41,31
55,918,609,52,797,749,200,44,41
46,816,594,41,836,848,268,46,58
45,833,591,63,849,918,247,55,46
55,841,465,58,839,779,239,37,56
42,888,556,56,797,795,278,49,55
53,752,483,50,715,724,215,42,46
44,866,484,57,857,872,236,42,36
46,834,563,58,738,503,215,35,38
42,884,517,64,888,953,245,36,71
47,881,550,55,783,970,207,52,57
61,772,551,57,813,941,276,45,57
49,891,549,48,703,524,225,56,39
46,779,501,39,893,809,248,42,47
45,829,489,61,809,969,217,42,65
49,869,519,60,929,818,237,44,49
34,763,595,73,820,734,303,31,50
60,732,512,42,863,523,238,28,74
51,819,559,61,869,899,232,41,44
48,971,549,48,871,931,235,42,70
45,914,499,45,853,779,261,57,38
47,891,514,47,854,712,236,39,46
45,927,543,57,818,929,235,52,33
49,969,521,56,744,528,236,47,55
54,760,565,66,821,736,234,48,46
47,948,491,64,697,1002,206,57,56
45,852,519,41,810,726,189,45,46
44,810,551,55,733,854,263,58,53
53,924,468,42,872,741,241,45,44
49,884,518,58,809,550,204,57,43
38,792,488,48,861,918,265,42,59
49,970,505,50,730,522,268,45,67
47,771,522,47,872,565,219,58,31
49,922,535,67,785,579,227,41,35
43,832,463,42,763,724,261,42,50
43,916,608,63,738,579,275,42,38
62,783,504,46,809,753,227,38,48
56,911,528,49,873,855,234,61,52
60,858,575,36,802,715,207,44,65
40,895,580,59,828,729,231,40,47
48,918,527,43,824,508,196,49,40
53,820,545,62,808,507,228,52,47
43,900,464,47,823,720,251,41,47
52,799,518,50,748,872,203,42,54
44,752,544,49,755,964,244,56,35
43,851,523,53,809,509,227,50,54
48,805,559,40,780,923,230,44,40
52,878,512,31,800,552,256,35,45
55,920,573,63,772,928,290,46,49
48,776,504,48,824,744,242,40,46
52,943,464,51,777,883,253,53,50
44,882,494,55,801,955,227,50,51
46,961,536,64,810,769,196,50,47
52,782,533,47,830,971,268,47,38
53,952,567,57,809,523,242,44,73
46,812,535,53,798,943,213,40,52
58,777,613,59,840,935,243,38,45
57,790,557,42,821,530,201,58,54
37,933,467,52,917,910,259,49,48
55,796,523,57,894,733,222,64,47
56,825,521,56,816,531,202,51,79
47,854,545,57,723,878,239,42,47
60,941,490,60,896,946,268,43,57
68,739,520,45,806,700,217,38,41
56,907,544,56,806,900,267,51,46
37,807,483,48,790,934,225,32,41
48,951,550,55,713,899,212,43,60
51,1010,464,57,836,753,203,60,60
48,903,513,55,843,533,207,45,52
53,877,541,49,805,570,232,43,40
30,815,551,49,878,522,267,41,82
48,949,524,64,830,509,203,45,63
50,790,555,55,835,901,227,43,67
56,854,556,51,867,720,255,44,51
50,943,554,57,752,905,203,49,47
44,820,567,40,737,528,215,39,66
48,885,534,63,878,890,249,48,48
48,921,534,66,835,937,259,51,48
54,892,506,52,761,777,234,53,43
64,952,550,66,758,945,185,55,36
40,936,486,56,790,967,273,51,45
61,902,567,54,861,965,210,51,66
45,922,561,38,880,766,203,43,43
54,874,501,53,849,891,250,39,64
36,760,517,36,750,940,215,42,40
48,982,559,61,748,485,244,37,40
45,854,483,54,724,548,242,59,56
32,832,516,45,881,904,228,41,39
54,811,591,51,808,977,245,47,41
56,738,519,48,866,802,250,51,34
54,898,499,50,802,966,242,54,60
45,798,542,52,864,771,244,50,45
60,796,557,45,861,699,246,49,44
42,871,506,52,866,747,254,37,56
61,836,551,55,852,529,242,44,47
43,856,572,46,824,894,248,31,56
46,882,579,49,861,930,222,55,53
45,921,589,65,787,927,213,56,44
42,837,575,59,846,737,181,49,43
54,771,516,42,871,538,278,42,45
47,885,496,43,788,956,259,37,32
55,897,529,54,910,750,228,34,44
59,774,585,55,811,555,236,40,55
31,843,525,47,834,992,235,53,42
58,1019,561,46,758,750,238,32,36
58,864,558,44,869,929,245,53,47
62,790,496,45,722,761,221,46,42
41,890,454,56,733,526,225,38,67
55,902,570,54,778,752,217,38,36
49,975,499,59,820,784,272,38,35
51,861,560,44,828,525,274,53,49
44,821,536,40,837,879,223,51,77
27,958,553,57,725,901,218,39,46
46,792,498,48,846,505,179,48,68
52,832,509,58,858,928,198,60,37
43,860,504,49,870,990,258,61,47
48,888,478,57,841,958,253,50,63
36,948,560,56,903,776,233,57,51
41,833,533,36,739,758,202,43,52
52,907,499,45,861,930,248,52,82
49,926,479,59,862,549,261,41,56
38,898,541,41,901,599,238,52,78
49,893,541,52,807,926,241,47,46
51,940,506,80,796,535,262,29,47
44,739,554,43,792,931,228,36,49
57,930,455,49,796,894,293,49,68
49,977,527,59,849,516,236,57,35
45,892,509,58,791,487,239,41,43
59,805,497,53,889,978,248,34,36
48,846,582,56,832,719,225,52,50
54,877,468,40,874,957,205,47,47
53,945,479,48,853,962,212,53,40
53,972,482,58,896,755,262,40,56
42,744,495,41,882,874,196,50,50
46,788,592,59,778,922,237,43,78
40,859,498,42,900,690,221,49,49
51,878,536,48,812,730,192,46,46
51,785,581,63,794,505,256,52,46
44,763,488,44,884,817,215,44,42
65,833,500,49,834,807,265,50,48
51,727,592,49,854,741,252,36,40
46,828,520,59,815,988,242,36,42
51,895,547,49,737,770,276,45,58
43,962,482,56,880,751,226,58,36
51,790,525,47,882,739,259,42,42
47,814,551,45,716,727,234,33,48
47,799,547,62,836,994,244,48,73
47,887,528,33,829,952,223,41,45
51,841,499,56,741,916,210,40,39
41,956,483,56,764,781,196,36,46
49,720,500,43,759,708,207,39,44
57,936,515,49,832,957,221,32,66
44,858,495,48,760,734,280,47,47
60,789,498,47,693,740,207,46,38
49,929,544,57,778,747,200,41,44
61,869,543,56,818,757,225,46,36
52,811,484,54,772,723,273,47,41
55,911,513,42,878,723,250,57,45
45,899,512,49,880,922,226,48,64
49,745,500,34,830,758,248,33,57
39,757,554,46,839,944,233,43,44
55,939,607,40,801,908,230,46,78
68,719,595,54,780,761,235,41,51
52,878,518,39,758,891,218,59,47
32,821,540,45,829,951,216,48,47
51,926,567,56,844,932,222,62,42
36,881,478,65,737,964,233,48,36
41,770,588,48,822,732,251,39,34
72,818,512,51,757,554,260,60,47
50,980,513,53,811,882,224,28,35
44,809,560,54,700,762,223,45,43
45,806,561,56,835,811,220,58,45
51,872,537,48,817,776,230,45,37
49,921,527,45,878,938,211,47,86
59,749,554,51,791,940,235,60,38
48,892,593,50,833,758,242,50,33
59,765,489,58,755,705,243,51,47
60,813,493,63,878,954,210,52,42
49,822,502,71,823,854,244,56,51
50,909,510,54,857,746,243,49,43
44,934,515,42,879,535,254,44,71
52,882,550,53,872,900,229,44,57
49,868,545,48,773,896,227,51,77
44,742,482,52,779,881,181,49,46
57,862,530,49,842,898,265,33,38
43,940,512,54,801,521,249,47,33
55,842,519,57,767,915,262,35,36
54,851,546,56,946,927,242,52,41
66,880,494,47,863,949,247,55,54
58,756,585,57,878,904,223,48,57
51,861,486,40,790,564,207,48,50
46,819,546,50,846,529,276,49,46
41,771,581,55,735,905,245,50,62
47,834,513,45,886,720,211,42,56
58,769,456,48,800,523,270,50,32
40,885,527,43,870,707,220,46,62
53,1037,464,61,824,803,262,55,40
51,774,554,56,806,798,230,45,49
60,839,556,59,835,747,200,61,48
44,941,453,53,870,541,231,40,51
55,874,485,49,840,706,259,46,62
43,974,480,63,817,906,202,55,44
51,811,569,53,842,972,237,52,78
37,844,492,63,870,888,201,54,54
58,977,544,51,847,970,199,51,57
45,858,542,60,824,714,219,51,42
56,1006,508,57,816,774,225,41,58
41,818,513,54,896,927,223,52,43
46,741,532,42,877,505,218,49,36
48,785,488,57,837,880,263,52,58
51,842,549,51,786,939,221,62,56
52,866,557,48,854,755,194,39,54
53,917,518,48,738,738,211,54,52
48,830,481,54,723,953,286,58,37
56,950,513,47,922,954,268,45,77
46,896,538,53,791,748,201,45,71
52,819,489,45,821,977,182,59,38
48,970,500,53,818,530,201,37,47
56,758,584,50,851,920,242,43,48
55,907,586,47,826,717,162,46,39
47,922,583,61,824,735,242,48,76
46,911,525,67,865,896,271,48,52
56,785,492,51,752,985,235,25,63
71,881,475,60,720,781,209,41,44
59,750,457,47,841,907,243,42,49
43,803,472,43,844,751,224,54,42
48,780,537,52,867,748,235,49,65
44,861,629,60,852,745,250,53,48
57,915,551,56,754,777,253,65,53
48,886,511,60,796,874,289,62,49
42,777,485,48,847,910,248,44,53
52,867,576,54,910,544,256,37,37
43,856,543,54,728,976,277,43,51
56,945,542,62,839,743,204,46,45
41,841,514,59,883,784,231,53,42
50,873,504,55,743,723,213,60,67
39,958,510,45,862,534,243,44,57
63,852,475,63,804,910,201,36,58
35,814,494,58,864,753,221,53,46
50,842,505,73,852,943,240,48,69
46,979,550,52,822,912,240,61,62
58,984,492,42,828,733,232,49,44
48,900,534,56,902,806,234,53,47
44,888,501,46,856,533,228,65,46
53,804,551,48,786,739,245,50,61
57,977,561,58,841,531,215,43,55
45,756,514,46,879,747,242,58,54
67,910,469,53,791,917,226,31,40
54,705,595,42,853,860,248,37,70
58,863,496,61,840,869,239,34,32
52,806,589,43,740,813,242,53,56
38,833,575,54,677,890,214,40,50
41,823,522,46,833,508,240,55,53
34,796,548,64,788,906,193,52,48
37,898,489,44,879,958,220,48,81
37,918,493,52,799,768,216,32,62
47,847,497,55,840,522,267,53,50
49,836,493,42,674,762,222,47,50
47,936,575,45,773,916,237,57,43
53,804,565,45,747,917,195,48,28
48,924,503,49,819,520,262,36,37
60,889,542,57,785,893,232,37,40
51,885,512,55,786,533,252,55,41
47,848,485,54,845,494,257,50,55
51,900,507,51,810,541,230,48,64
49,987,472,64,761,542,205,47,48
55,799,568,44,844,862,248,40,54
52,773,535,46,786,750,216,36,29
46,796,557,50,787,719,214,53,40
47,720,464,53,826,722,243,36,24
37,926,593,37,855,757,250,50,42
54,874,498,50,698,751,206,56,32
45,985,540,56,725,540,218,49,46
50,948,497,58,926,508,206,48,35
62,777,560,65,774,988,233,40,64
60,991,534,66,879,936,255,45,57
53,887,543,57,800,706,263,46,45
39,944,470,59,752,943,223,50,45
52,785,588,47,862,892,225,51,44
48,932,499,53,804,949,195,50,46
35,782,516,46,737,502,212,44,35
40,851,569,53,797,911,275,41,59
59,786,474,45,777,964,212,48,45
63,815,476,50,878,754,210,51,62
56,752,505,52,805,913,235,63,47
42,1014,509,62,865,782,261,32,43
45,953,562,51,859,867,188,38,66
39,867,542,61,778,723,196,50,47
50,853,533,46,758,776,270,52,33
62,818,556,49,752,545,244,37,76
56,965,495,51,844,713,261,59,72
52,929,551,50,841,700,259,40,61
58,860,516,50,838,536,188,48,49
60,967,522,57,731,926,235,44,32
53,785,504,51,700,935,242,38,30
54,828,524,53,864,925,235,51,51
55,794,577,58,718,843,207,40,56
53,799,548,55,892,758,274,61,52
58,818,546,58,771,896,256,50,71
53,978,522,38,823,932,243,49,49
50,811,482,48,767,579,206,44,68
59,776,481,60,842,961,218,55,32
39,910,481,63,835,748,251,55,51
43,958,472,48,821,1014,279,55,55
47,919,528,43,843,989,240,55,36
41,863,550,50,851,761,211,46,38
62,946,492,57,771,924,211,46,29
44,824,524,61,891,982,260,38,50
35,828,537,61,819,750,204,46,35
53,850,528,68,731,743,259,60,41
61,867,604,56,786,557,263,40,33
56,844,479,40,764,553,233,44,41
44,931,564,65,868,988,241,38,45
46,684,495,55,805,540,239,50,42
61,757,502,51,835,929,242,44,35
43,813,536,59,802,960,238,42,63
53,965,467,66,854,711,266,42,62
53,905,507,50,814,569,231,46,33
50,860,520,41,795,896,237,45,31
65,945,532,54,887,924,220,45,45
36,928,482,49,912,540,267,44,58
59,820,490,35,844,761,257,37,56
44,778,490,45,829,714,213,53,51
42,871,492,49,748,918,220,41,62
34,826,523,54,812,755,202,35,46
36,806,514,57,803,919,238,25,42
57,760,527,45,787,1000,242,48,42
55,818,557,42,844,905,255,41,53
52,781,554,58,801,910,235,36,60
49,962,530,67,835,513,216,51,62
45,880,531,50,792,470,251,42,40
56,967,587,42,867,848,227,53,51
48,894,549,43,822,785,243,49,57
31,881,496,51,867,538,229,51,41
41,858,472,53,719,720,263,33,45
42,927,518,46,766,525,244,31,47
54,928,467,61,857,955,227,53,67
50,876,500,42,832,745,232,28,41
57,898,512,56,810,538,248,42,38
44,966,517,54,889,945,248,45,48
50,782,567,46,813,926,179,50,55
52,741,491,59,819,724,232,49,36
42,801,569,57,788,760,275,45,46
45,876,557,47,774,704,236,50,45
55,943,547,51,774,756,179,49,45
58,811,504,42,784,912,205,57,41
40,951,538,67,775,927,219,47,50
52,911,575,57,805,949,188,55,42
48,789,529,65,902,729,222,47,61
60,861,592,41,825,944,250,46,40
51,967,531,40,882,934,217,53,64
52,923,454,42,766,508,197,47,60
42,768,489,34,830,780,202,39,62
47,795,575,57,741,756,202,35,55
48,938,515,51,863,891,252,46,36
43,890,513,40,718,945,217,46,35
52,770,481,57,789,899,239,45,47
47,798,575,49,776,918,211,36,49
50,932,553,46,902,976,200,41,56
51,921,583,74,779,502,216,34,51
65,796,468,53,869,950,233,49,46
57,984,545,65,816,907,260,45,49
37,811,535,43,785,752,204,61,80
31,767,500,62,844,725,171,60,31
44,883,556,57,785,731,191,36,47
65,906,483,45,698,870,258,42,58
48,847,504,45,828,866,251,48,46
51,972,440,49,772,961,207,37,40
55,948,548,50,865,724,208,52,50
44,771,555,53,848,912,267,36,50
41,872,555,49,791,944,242,48,58
46,739,510,44,878,852,256,54,43
50,903,516,37,826,693,255,45,41
54,882,463,55,790,751,227,50,61
38,822,483,56,862,723,241,40,37
41,914,459,36,778,751,179,43,40
37,920,528,49,710,888,181,51,34
52,875,531,65,851,513,275,45,40
44,715,535,52,772,885,214,49,33
32,967,502,53,776,744,206,34,55
50,826,509,61,870,947,231,37,60
56,884,516,45,909,948,228,50,60
45,739,477,46,857,737,204,58,59
43,932,568,55,814,944,296,65,27
51,786,488,40,859,576,238,62,60
63,988,497,54,870,773,243,55,31
43,878,467,51,816,704,199,59,54
34,834,585,41,829,744,210,36,48
63,707,538,35,815,547,224,41,50
43,948,598,51,755,987,240,52,59
50,862,479,46,794,933,265,38,44
43,814,507,50,748,574,249,59,46
47,961,541,55,766,536,255,37,70
59,901,619,54,798,799,221,47,59
42,803,563,49,868,514,228,50,46
53,972,511,64,748,749,213,54,48
36,929,494,55,860,781,197,50,42
56,821,552,45,813,866,207,43,39
47,781,566,48,817,560,233,48,41
55,885,536,33,758,924,230,47,41
57,860,483,60,728,773,216,41,45
52,989,552,61,812,538,230,57,35
50,770,540,58,821,880,219,37,67
40,896,548,57,920,541,240,46,47
49,953,530,53,788,920,176,66,43
57,756,605,39,874,505,252,56,56
53,795,483,46,803,963,241,49,43
38,886,562,64,857,765,231,44,69
48,771,507,62,720,755,199,46,62
47,849,572,62,826,758,235,46,56
58,719,478,47,835,547,246,52,60
41,871,588,56,790,913,250,38,43
50,987,493,51,771,527,219,42,69
56,908,499,56,829,891,248,37,65
37,830,534,49,781,762,224,47,39
51,770,504,53,777,864,242,46,40
53,792,496,46,814,737,249,39,54
40,796,583,47,772,895,237,41,31
52,715,553,46,790,502,217,54,82
37,867,516,30,824,937,226,51,48
37,901,527,49,869,773,222,47,33
43,873,503,55,861,514,243,44,46
38,739,572,51,713,537,220,38,44
48,956,562,50,760,757,278,42,54
50,937,526,61,865,889,261,54,46
47,755,566,43,802,937,258,45,40
47,800,501,61,772,556,200,52,43
47,862,528,50,723,892,241,38,47
74,823,524,44,859,527,211,45,42
56,933,504,54,845,543,260,55,44
50,876,458,45,836,915,182,43,48
54,890,543,61,703,782,235,44,59
53,769,586,46,805,557,245,47,70
42,941,506,61,846,739,237,41,55
40,904,546,47,882,575,205,36,49
37,755,579,55,865,887,209,34,44
64,1033,580,58,788,949,231,43,52
36,883,554,44,753,879,201,57,52
50,926,589,56,841,470,284,40,53
48,808,589,48,763,720,248,57,76
57,931,459,51,854,727,262,46,38
49,884,522,43,861,952,225,51,42
46,844,557,41,847,918,274,47,54
42,801,554,48,872,515,250,51,60
30,700,482,48,825,752,186,42,37
38,857,522,39,845,495,235,48,43
54,886,512,51,782,972,265,44,61
52,804,561,57,860,941,203,47,48
63,915,515,61,894,916,255,46,51
59,947,564,64,832,581,227,49,56
52,740,454,52,793,777,198,46,67
31,865,552,46,798,932,225,48,55
56,884,531,37,762,933,201,48,63
45,988,531,38,810,566,265,52,73
54,911,483,61,827,995,252,53,55
42,948,561,51,909,921,190,46,36
49,811,535,42,862,535,203,54,40
52,836,498,59,771,763,191,40,43
54,932,521,47,872,738,238,55,44
52,839,539,45,822,570,202,37,56
45,768,524,60,815,601,236,44,44
43,870,483,43,846,550,281,52,77
61,918,457,41,795,879,247,74,58
40,812,578,48,819,476,239,37,46
56,833,573,56,807,948,245,43,48
60,858,506,55,743,554,261,45,49
40,895,488,48,861,740,243,44,56
56,932,522,63,922,889,224,51,49
46,798,485,68,715,486,266,45,51
51,950,565,62,892,722,191,33,34
50,766,496,38,841,725,205,50,36
48,835,529,44,701,961,185,39,40
43,919,545,41,769,713,211,46,41
45,818,595,59,856,933,220,57,48
40,915,551,49,785,977,204,42,32
48,913,552,62,856,768,221,42,37
53,763,569,47,751,542,259,45,48
47,784,537,44,836,781,230,45,75
39,811,477,72,821,504,247,41,61
52,886,455,48,780,723,257,48,46
48,855,526,52,838,936,244,46,56
38,782,520,56,860,560,181,49,49
54,945,564,49,837,770,240,49,48
53,779,539,45,878,895,285,44,35
52,1005,506,56,895,918,218,38,68
47,781,557,50,802,559,198,44,66
45,789,562,60,711,945,236,30,47
41,778,545,58,729,957,200,40,48
37,750,553,67,765,530,191,40,64
37,793,543,63,820,549,229,49,36
44,924,530,62,734,922,195,45,44
39,767,500,50,816,737,192,49,59
56,863,582,36,841,833,215,39,50
38,982,564,46,860,933,253,45,52
54,806,512,44,835,946,203,40,59
54,845,540,42,848,513,207,42,19
48,937,554,53,861,779,205,56,45
52,737,491,44,826,520,211,35,37
57,707,515,48,894,979,211,43,47
49,871,460,57,859,546,219,50,46
32,770,491,57,830,532,208,49,50
55,774,528,47,775,889,239,67,40
42,833,507,50,759,983,232,36,44
51,917,557,59,814,884,241,65,60
40,980,502,66,915,942,265,45,79
43,831,549,58,830,899,200,55,47
52,934,571,39,745,533,208,35,43
60,744,508,48,836,893,219,51,51
48,932,550,52,862,968,273,33,43
53,867,529,48,779,773,221,45,38
60,863,515,43,721,752,258,45,46
48,961,549,63,910,716,230,52,34
40,824,474,67,773,947,217,29,44
64,802,510,43,824,939,240,39,59
43,836,539,55,825,917,262,47,63
55,855,549,48,793,735,256,51,38
51,906,512,56,818,753,201,58,44
54,988,552,76,784,912,221,59,47
56,854,572,63,766,858,217,41,29
48,937,513,62,860,751,235,43,55
32,814,494,38,847,911,259,50,56
61,749,566,55,756,935,227,52,44
50,878,582,51,808,925,256,48,60
52,814,490,57,855,547,235,45,40
48,946,516,52,841,527,198,38,33
44,903,531,68,887,970,288,40,37
44,825,595,64,822,757,254,41,57
39,853,480,38,881,552,270,44,41
37,841,566,48,881,789,207,43,47
52,827,550,33,783,868,217,52,49
40,924,554,48,800,766,207,54,42
51,797,533,49,892,521,239,56,49
48,777,524,53,770,948,198,46,51
55,927,592,52,893,515,235,46,53
36,908,475,43,936,770,263,53,38
51,968,544,54,761,942,219,53,53
57,779,503,53,865,952,235,36,35
38,828,551,49,815,487,240,35,89
54,750,489,59,799,774,239,41,38
52,938,526,47,740,757,247,52,41
47,760,484,43,747,484,216,55,57
39,920,514,43,707,954,206,52,44
47,742,489,51,827,961,248,56,42
40,946,540,63,786,768,243,43,65
40,865,526,31,728,749,216,37,49
49,980,574,50,821,779,287,38,45
38,848,583,71,775,465,189,45,39
53,728,485,40,845,754,225,45,56
54,794,479,54,891,753,217,41,60
36,856,477,37,803,762,189,47,47
55,925,507,40,885,906,251,41,37
38,887,540,41,784,959,211,42,51
48,929,512,51,793,846,280,50,59
39,840,484,74,774,769,203,49,46
44,848,522,69,718,767,212,45,47
52,981,571,57,711,767,218,38,65
55,981,494,61,838,779,214,44,50
52,994,567,61,792,757,210,39,44
35,886,458,47,817,518,242,59,34
33,761,440,50,814,764,212,49,46
58,784,553,56,850,524,221,47,67
38,963,518,58,820,956,204,59,45
61,890,531,46,777,773,265,52,43
44,902,471,52,856,533,235,58,74
52,812,541,65,772,766,208,61,55
61,968,519,50,746,786,207,42,40
47,837,519,56,789,919,199,44,44
60,931,561,60,835,499,215,59,67
44,827,518,29,796,945,258,55,53
33,880,561,63,765,493,214,44,57
36,886,554,46,820,743,171,45,41
45,947,597,58,805,752,242,52,60
43,856,482,47,828,870,234,42,46
52,1040,560,58,796,509,250,52,34
42,868,446,62,868,765,247,38,49
54,863,539,67,832,902,282,57,51
47,803,519,56,841,901,244,42,34
39,937,527,60,734,753,254,59,49
38,955,560,56,816,917,242,43,44
41,929,536,41,849,947,280,49,43
51,917,491,31,855,513,244,39,37
45,941,523,37,748,747,212,48,66
56,902,494,57,839,887,207,51,59
45,910,554,50,891,694,245,47,45
53,947,495,45,746,768,210,53,42
56,921,488,47,833,922,206,35,30
47,934,532,59,818,885,247,50,52
46,848,524,52,829,745,255,56,55
51,951,508,74,846,923,261,47,38
55,779,556,44,843,892,268,46,43
47,757,474,44,825,924,221,48,65
43,969,503,67,876,747,233,48,39
45,944,585,52,886,968,255,48,54
48,885,523,54,875,921,266,52,49
53,986,481,63,808,762,200,51,51
39,796,568,44,881,915,203,54,53
51,931,556,52,863,768,215,47,34
44,816,494,46,817,748,215,36,58
65,896,484,49,857,934,247,53,77
60,797,580,55,879,741,229,60,45
44,751,589,45,794,742,274,41,36
61,891,543,49,875,732,213,43,54
45,752,532,43,816,516,189,50,53
48,815,474,44,858,901,252,56,32
45,794,485,53,829,784,196,58,59
46,876,494,48,868,918,202,43,61
54,781,567,41,801,761,274,53,38
37,836,612,43,735,932,200,60,42
29,783,588,50,868,913,223,34,74
62,827,511,56,815,872,249,49,36
50,926,496,50,823,766,254,48,42
45,921,513,55,737,1006,255,54,64
43,823,482,38,787,920,190,48,46
60,772,573,54,710,734,231,46,48
37,773,523,49,844,730,181,47,44
56,884,576,53,855,721,258,58,37
44,666,502,47,696,699,203,38,40
50,932,557,55,821,522,223,37,45
42,848,547,60,739,930,270,45,42
50,732,541,55,832,935,225,42,57
47,804,566,56,724,737,229,47,38
50,888,549,57,827,918,250,50,42
32,838,470,51,827,766,261,34,39
48,820,512,50,785,917,201,62,56
47,878,442,48,863,936,185,48,42
40,775,524,47,807,546,221,48,48
49,984,502,59,795,530,207,58,31
51,912,477,43,817,732,220,45,39
56,968,448,48,831,748,268,36,67
34,961,570,66,824,757,213,55,46
58,941,505,46,821,552,222,47,37
53,842,510,37,777,777,232,48,36
49,892,508,73,681,723,221,44,71
65,853,577,47,787,549,283,45,50
47,843,517,59,748,957,236,47,56
51,892,506,49,816,466,221,45,42
51,793,516,56,816,501,219,42,65
60,818,476,49,766,767,233,34,25
46,730,491,43,723,683,217,31,49
42,889,567,50,745,548,237,48,38
41,960,597,35,877,969,255,59,49
45,854,510,60,775,802,219,51,30
52,912,578,60,793,874,217,39,66
49,889,569,50,783,890,227,41,55
29,877,584,44,820,507,239,46,41
40,879,514,71,727,709,228,50,38
45,962,558,53,833,936,298,50,43
52,839,489,50,791,739,215,43,42
49,795,592,38,857,737,236,59,32
56,922,570,51,901,891,244,53,37
51,866,506,44,816,559,249,51,54
52,802,547,49,801,916,256,41,37
37,998,544,55,730,780,284,39,48
50,978,545,57,814,528,207,72,64
40,892,582,46,877,503,250,49,37
47,954,561,58,755,722,227,51,54
51,904,518,46,787,563,207,50,54
50,919,497,43,873,742,227,49,62
54,853,510,54,845,889,248,42,68
42,847,499,54,765,733,221,48,57
46,894,557,47,799,520,269,40,44
54,847,552,55,813,757,232,50,61
53,831,518,42,744,730,218,44,29
49,905,568,47,872,853,277,35,61
53,963,566,44,807,981,253,38,46
38,937,575,48,812,759,236,48,62
52,848,531,63,817,943,247,55,55
58,864,517,36,794,557,232,57,33
61,1016,544,69,831,715,224,36,57
64,756,513,46,852,994,227,55,52
46,969,518,45,894,754,213,53,63
46,819,534,56,860,541,257,43,51
49,857,506,67,816,561,247,50,47
53,770,539,58,874,758,234,48,44
56,879,567,43,850,769,203,45,45
57,834,466,65,762,810,244,43,54
40,886,607,58,724,942,235,39,60
43,879,470,68,837,817,234,39,43
48,819,537,67,840,528,248,47,42
45,800,536,48,776,779,205,50,39
66,787,566,49,853,948,226,41,56
47,822,563,50,723,915,201,60,52
50,934,551,55,844,784,229,50,51
62,738,528,54,833,932,208,41,70
51,927,599,44,764,705,227,44,63
51,742,542,35,820,734,237,44,53
52,834,498,52,834,537,263,51,44
56,944,515,51,840,734,258,47,42
56,919,533,58,805,704,207,45,54
45,955,547,40,851,940,227,44,57
48,892,544,46,880,983,261,44,45
49,890,558,67,847,891,224,48,36
35,789,502,61,878,527,214,48,72
46,955,562,41,831,575,249,48,76
36,814,560,56,753,958,199,49,49
58,788,541,53,826,745,204,43,61
43,955,546,61,879,959,234,57,70
35,903,496,44,744,742,215,44,36
45,768,566,52,888,722,281,37,38
36,918,567,68,789,967,204,44,60
58,790,513,50,780,736,248,51,45
46,800,541,50,823,507,237,50,39
42,759,509,56,732,525,214,52,42
50,889,602,35,730,734,214,41,61
47,791,521,49,750,952,213,35,48
57,1002,477,54,756,528,239,48,64
48,897,507,32,722,569,211,51,58
37,972,513,48,663,928,231,43,61
37,819,511,39,849,715,205,55,42
53,752,475,61,782,928,214,40,40
39,665,518,42,776,920,216,51,67
43,814,594,70,885,717,242,48,76
42,896,468,53,790,760,220,47,56
54,917,499,60,850,722,251,40,57
48,858,514,56,834,748,224,42,48
51,887,517,51,764,541,270,54,44
55,894,517,50,834,736,224,50,47
48,789,502,68,851,764,257,43,46
53,991,544,76,872,768,207,39,49
48,895,503,52,763,857,210,43,58
52,790,533,39,829,727,269,61,46
48,791,526,46,776,728,280,46,77
55,911,491,62,835,903,216,48,54
59,905,539,64,875,547,209,69,34
51,762,556,44,740,690,204,44,50
39,882,528,41,819,514,248,45,43
37,1016,516,58,853,738,190,50,41
35,905,478,43,736,686,249,45,39
51,749,518,56,838,924,194,48,38
59,990,571,54,895,742,251,33,47
41,1003,577,68,814,763,205,48,48
48,987,543,53,854,719,199,51,45
46,746,554,49,756,932,228,40,68
39,858,569,37,783,825,212,44,53
50,919,496,40,858,795,204,36,50
44,840,507,47,845,960,223,48,60
50,820,532,48,851,945,204,35,68
52,823,511,60,775,718,212,53,47
50,914,536,47,828,924,234,42,33
49,958,599,42,864,732,249,35,62
47,941,501,52,767,767,213,54,45
48,826,604,50,861,942,268,41,54
40,765,537,49,878,768,251,37,42
43,877,544,47,878,785,217,41,50
43,982,493,54,853,927,214,35,63
49,889,538,65,810,810,236,52,48
47,945,556,58,817,556,250,54,45
39,933,563,56,727,882,193,48,57
54,769,538,50,713,966,200,68,40
40,943,559,52,837,909,255,58,72
39,833,502,42,847,857,226,54,35
43,967,536,58,825,726,222,50,51
58,795,505,64,831,1017,244,48,67
50,787,582,44,877,745,261,47,48
50,865,550,48,753,715,250,37,66
53,888,571,49,799,876,260,47,42
46,989,529,47,850,774,239,37,63
43,796,488,64,871,782,235,55,46
52,844,486,46,813,932,243,56,61
58,780,549,48,798,916,240,48,60
43,853,563,58,850,774,234,53,45
48,964,587,52,868,507,212,49,60
39,738,586,56,731,957,227,41,42
57,964,481,64,793,515,226,37,41
47,854,558,59,817,567,253,47,67
45,823,479,61,875,552,242,40,50
56,981,525,45,888,742,234,47,53
50,810,534,53,855,740,223,56,54
55,759,505,55,801,732,222,52,72
39,732,514,44,887,738,237,57,40
28,840,503,51,687,917,216,34,42
52,919,580,30,868,730,279,59,75
38,926,545,47,745,906,242,37,43
42,849,498,53,762,734,227,40,41
36,916,572,53,756,906,223,39,62
63,811,490,44,838,513,269,55,52
54,953,589,59,867,507,221,28,48
49,813,527,72,720,549,206,52,44
51,1047,495,57,828,891,222,39,47
29,1023,553,65,895,914,240,59,51
41,933,512,41,782,988,196,52,41
54,944,515,60,836,900,275,41,54
48,748,553,70,762,502,230,34,56
44,871,483,56,822,891,240,57,61
29,833,516,53,897,548,214,49,58
47,1003,560,60,781,756,276,41,34
57,766,543,52,803,782,237,58,73
65,934,566,50,754,772,214,40,77
50,793,509,56,849,954,253,48,47
41,923,532,42,820,869,203,51,46
58,838,553,44,768,943,277,35,49
47,873,575,52,755,784,251,35,49
55,927,515,51,868,855,226,47,39
48,869,562,57,908,723,252,42,40
49,945,522,49,871,889,194,42,45
60,901,522,43,793,890,227,45,38
45,780,525,59,844,751,231,53,37
54,936,594,57,820,529,261,47,43
65,880,507,55,760,749,280,33,74
36,841,575,50,854,509,261,35,49
57,812,535,72,781,899,234,39,59
56,942,526,52,828,740,253,65,48
46,888,577,77,865,504,215,37,38
51,810,587,44,834,954,238,40,41
61,890,576,61,722,932,191,46,32
43,903,503,53,848,719,287,64,37
61,769,479,45,834,529,189,50,44
37,929,557,64,858,771,215,41,66
37,741,480,46,840,876,258,49,47
53,676,470,60,815,756,268,43,49
48,933,541,47,863,714,229,38,53
45,795,502,54,842,934,272,42,68
58,893,487,42,784,765,202,39,37
54,883,582,41,803,503,293,41,75
40,816,566,65,836,957,281,57,34
52,777,565,46,869,515,244,58,42
62,895,540,56,857,737,238,38,56
49,738,535,54,896,874,232,36,57
43,956,614,44,849,549,213,51,67
67,891,492,64,899,481,236,50,48
53,858,534,55,709,724,202,40,62
52,902,529,66,889,906,251,35,42
50,871,523,55,807,747,206,50,69
44,743,563,40,860,946,217,45,41
38,985,496,56,888,760,209,48,22
60,999,547,48,761,693,286,56,51
42,916,468,63,717,505,218,42,49
40,847,507,56,685,900,205,47,52
62,985,537,67,887,935,248,42,46
69,940,628,60,788,911,256,67,55
52,875,586,55,764,518,242,36,51
54,907,487,52,833,726,241,47,45
47,961,586,54,820,562,229,48,42
41,925,523,64,876,909,212,45,28
50,875,534,63,789,912,224,38,54
43,788,519,63,808,741,213,43,53
53,755,555,50,776,941,199,41,51
41,715,455,42,826,764,214,48,37
44,872,540,54,797,784,236,31,77
62,933,566,45,838,901,261,51,61
55,903,505,57,849,507,253,50,48
53,880,517,50,891,889,268,40,41
65,957,532,40,760,737,265,54,59
50,929,487,58,833,889,263,62,47
55,827,480,46,810,978,251,32,38
38,963,581,58,739,956,227,38,58
56,782,506,50,820,723,265,38,59
47,889,565,57,881,686,218,48,65
60,958,558,57,773,902,243,43,33
43,841,550,50,841,753,196,31,77
50,928,470,52,862,922,194,52,41
65,796,538,62,838,719,207,41,45
53,940,499,61,785,898,221,48,30
59,801,572,48,807,900,202,26,51
49,996,531,66,846,917,201,39,32
57,862,551,45,811,961,214,62,44
52,888,497,50,817,885,227,50,51
45,915,517,50,862,991,250,53,77
32,836,511,49,823,541,202,68,52
56,921,537,53,852,863,250,43,57
56,742,503,51,701,899,226,40,38
48,928,558,69,775,515,187,54,53
50,889,580,44,768,877,220,50,63
46,827,548,50,790,553,230,39,56
42,798,535,59,801,776,226,60,44
34,904,476,56,862,744,255,35,56
44,906,529,52,831,717,261,55,49
65,854,608,67,824,954,242,43,58
57,736,518,57,787,928,230,42,63
47,892,516,43,795,779,268,49,49
37,1021,559,45,792,680,241,45,50
60,773,512,36,897,727,194,64,34
38,802,532,49,866,515,220,54,45
52,831,527,61,854,937,210,47,48
30,943,576,64,822,908,223,44,38
48,944,552,52,779,908,290,73,36
47,1038,524,65,873,903,244,40,48
45,885,501,57,818,748,260,51,51
54,842,534,36,861,923,268,58,55
55,876,551,59,813,736,202,44,50
47,785,525,56,777,789,210,46,65
51,758,569,64,855,725,232,38,69
51,931,512,58,873,934,221,34,65
45,754,534,46,712,508,187,51,49
47,894,574,31,866,696,202,46,42
47,889,580,43,728,760,221,37,43
39,839,524,45,884,917,240,35,41
49,802,456,51,818,691,242,48,45
52,994,517,60,878,933,209,49,45
39,902,476,54,815,740,247,36,55
48,900,570,49,743,869,219,41,69
32,890,552,67,836,738,252,36,34
51,929,551,62,898,911,283,48,57
49,1039,487,51,858,528,214,41,39
42,884,503,61,822,900,245,71,51
62,932,591,55,871,768,228,51,47
55,691,534,40,856,725,267,43,55
42,680,478,51,862,771,233,41,37
60,901,483,41,793,734,241,53,69
33,717,490,57,872,735,256,42,43
45,883,533,57,841,746,254,54,51
50,783,586,49,877,524,236,41,56
49,920,532,50,775,761,242,53,54
50,953,520,51,895,505,248,41,46
44,705,569,46,713,957,227,39,44
63,835,585,49,748,496,191,56,41
45,825,458,57,854,929,225,43,72
39,900,497,48,854,504,237,44,50
49,860,490,56,780,748,265,38,48
56,816,596,56,750,948,233,41,59
60,873,486,51,766,972,251,44,55
48,874,603,79,754,778,227,56,58
50,919,535,46,765,947,250,49,48
36,886,571,54,785,722,214,45,56
48,828,537,64,856,686,208,48,36
43,923,511,48,819,976,284,53,44
43,757,559,46,843,685,176,47,34
48,928,460,49,838,930,278,42,63
54,899,564,51,824,811,247,36,50
49,957,484,50,814,957,233,41,42
60,922,582,49,889,736,264,55,37
70,861,500,55,789,477,229,38,51
61,776,469,39,745,892,239,52,38
54,870,571,42,872,530,240,58,50
42,908,508,67,845,910,283,56,58
41,921,589,51,834,911,193,38,43
41,886,592,54,830,966,241,54,59
57,813,486,49,835,908,265,26,54
38,952,512,53,842,695,215,41,54
54,982,493,55,892,718,246,43,49
54,758,536,61,822,740,218,52,35
40,860,582,44,696,975,197,57,53
47,853,503,55,824,796,240,50,57
41,1003,474,77,827,750,290,33,44
36,788,489,45,730,895,189,51,63
60,929,540,48,726,733,217,53,34
48,908,504,46,792,494,219,51,52
42,911,543,66,829,729,262,35,50
55,699,525,41,910,500,236,41,51
44,822,472,60,825,951,256,44,56
55,867,579,47,777,952,222,44,67
45,779,492,52,877,539,258,54,39
59,1019,558,58,810,554,213,49,54
47,943,521,59,792,878,221,42,75
52,998,477,60,837,552,211,42,48
33,846,587,53,828,911,284,55,39
46,877,551,58,841,977,249,44,55
66,847,483,55,764,863,241,45,29
44,905,525,41,827,745,246,26,65
51,819,562,51,713,531,258,42,65
54,997,581,53,821,528,219,41,44
46,879,512,62,877,765,233,44,44
54,877,551,66,847,905,203,39,70
41,876,527,50,833,922,203,38,49
61,872,482,48,793,808,214,36,51
45,846,542,62,816,536,228,57,50
49,832,489,50,811,933,188,38,69
48,849,576,48,814,974,211,48,37
30,789,530,33,912,876,281,37,39
57,952,488,68,822,895,211,53,55
46,889,494,49,804,694,205,51,74
51,865,559,44,778,738,245,50,44
41,760,526,54,795,879,224,52,60
48,802,527,47,786,801,223,44,39
40,871,534,67,880,874,251,36,36
42,906,568,50,868,810,241,52,67
49,836,505,55,838,730,202,29,68
51,920,518,58,827,561,273,42,51
42,875,505,62,775,936,249,49,50
52,793,636,55,810,564,246,42,40
48,1013,617,54,877,903,234,39,61
48,806,517,42,788,756,252,53,38
47,817,554,49,870,977,259,34,64
27,895,567,49,711,519,217,52,31
52,944,528,48,739,725,218,61,39
53,969,502,43,773,725,199,57,47
52,960,517,62,754,997,196,51,33
47,852,520,56,782,759,230,45,47
42,699,482,61,738,739,215,46,50
54,832,554,53,815,894,199,39,45
45,835,548,45,807,756,192,42,46
45,714,522,47,844,512,223,52,59
54,957,531,55,838,777,202,38,38
53,871,474,62,825,548,176,44,80
44,919,531,55,737,520,230,52,55
65,815,577,60,751,542,247,39,46
50,871,512,50,794,912,272,51,62
39,926,495,50,833,944,226,46,43
54,887,585,48,830,749,182,51,40
40,843,532,50,763,713,237,50,50
64,803,499,53,807,879,227,59,38
45,993,497,53,745,970,185,34,58
46,755,509,49,801,711,237,44,46
47,949,549,64,853,986,220,56,30
40,923,561,70,861,927,257,44,70
45,848,582,56,910,756,237,40,35
54,888,543,46,825,793,258,40,36
60,801,535,63,793,758,228,53,44
54,972,522,52,876,894,209,47,58
42,763,602,71,877,524,273,54,46
51,883,532,57,777,920,237,48,44
69,968,524,51,881,514,252,50,49
35,937,487,54,823,813,220,43,52
45,941,536,33,845,912,213,48,48
53,802,542,49,782,752,220,35,37
60,930,531,45,762,517,243,54,48
45,806,561,43,750,536,249,40,42
62,817,559,55,778,907,235,49,44
40,818,569,37,800,939,246,70,43
59,854,507,74,862,775,232,45,44
48,874,492,58,795,788,218,59,47
39,783,591,61,780,979,199,43,38
44,920,518,36,840,913,307,44,36
51,759,576,53,826,522,190,40,29
58,812,586,48,884,768,225,36,72
56,783,522,50,748,980,199,37,52
59,931,604,41,838,932,207,38,45
65,1042,556,60,838,916,284,56,31
56,792,469,44,841,884,249,54,57
54,796,522,58,726,534,221,42,33
53,938,613,57,784,892,216,49,35
35,870,469,50,804,791,201,34,42
57,792,554,34,742,740,211,31,57
53,961,495,52,783,878,200,52,38
54,904,506,48,853,779,229,40,48
38,820,544,74,840,717,212,42,38
49,800,481,53,799,893,267,43,37
37,933,464,46,814,755,266,41,51
55,953,504,64,878,949,262,37,49
48,944,548,66,786,768,254,49,51
46,908,509,56,867,891,238,44,46
54,783,519,49,872,728,251,49,46
53,910,556,43,781,885,197,50,77
42,755,508,43,862,724,216,39,75
50,826,510,56,818,528,246,44,43
51,991,539,61,796,954,185,47,46
52,805,532,66,793,740,227,40,44
52,795,526,51,796,921,259,35,38
53,770,572,38,808,893,239,46,45
55,898,538,41,781,910,236,47,47
45,869,466,52,833,918,209,44,75
55,907,507,51,851,718,261,56,58
68,971,548,42,873,937,201,47,60
49,956,499,57,760,783,230,38,48
50,807,495,48,808,501,221,44,56
42,863,557,48,829,759,201,53,56
61,883,510,52,794,546,229,40,47
47,771,506,48,901,755,213,38,47
50,780,486,67,860,905,239,60,77
58,877,479,50,750,935,222,52,39
49,1012,542,51,857,852,280,52,56
65,803,508,49,904,952,259,60,47
41,915,568,55,799,965,222,50,60
56,848,504,38,781,950,214,48,39
43,833,471,50,804,712,221,47,62
44,888,545,47,879,866,216,40,46
39,898,504,53,889,563,219,41,48
46,778,553,65,805,910,258,54,55
52,973,525,62,844,944,199,34,59
42,834,587,52,823,689,204,55,36
38,802,524,51,718,704,209,67,44
51,991,576,71,803,946,238,40,40
46,915,622,53,866,760,189,46,52
62,945,515,50,754,512,181,49,41
41,871,520,59,813,936,269,38,42
51,993,511,52,820,927,228,49,50
52,800,533,56,865,922,235,48,61
48,962,505,58,774,906,209,41,54
37,800,562,73,837,862,273,50,60
47,862,553,49,751,751,226,42,31
36,796,584,61,858,942,207,44,44
49,876,527,53,869,889,229,45,67
49,889,495,50,824,739,196,42,57
42,873,561,47,852,915,202,62,45
52,802,589,45,785,735,255,49,46
38,867,600,46,838,549,210,44,61
52,934,492,62,780,760,269,50,49
51,812,485,39,852,727,280,51,54
50,1009,547,45,906,783,242,36,35
53,945,522,51,723,719,221,48,45
52,977,536,49,818,921,218,57,42
50,906,529,56,779,914,223,30,60
48,944,540,55,854,998,244,38,40
52,725,515,58,807,873,277,43,25
43,735,566,39,773,570,254,31,41
40,890,543,45,766,755,251,51,49
46,804,550,53,715,971,203,52,39
41,940,548,53,839,796,214,47,40
42,837,500,57,865,783,215,41,64
50,779,508,48,701,763,218,42,67
38,909,490,52,811,762,191,37,47
41,811,545,50,894,537,222,32,65
45,937,563,58,689,875,254,35,46
38,934,537,60,761,500,245,47,39
46,970,576,55,756,740,252,53,33
58,833,573,48,702,766,247,42,43
56,883,547,65,744,501,191,50,33
45,890,503,51,861,726,263,58,41
48,769,550,55,809,759,223,51,55
62,763,499,33,863,930,254,47,56
42,874,498,51,812,771,272,49,45
41,727,517,41,809,800,215,38,41
36,858,483,52,737,714,197,49,30
46,772,562,61,835,729,232,52,42
49,904,519,45,832,724,245,62,52
55,868,506,44,871,908,238,49,51
33,721,561,51,804,744,218,48,50
45,895,515,42,927,499,282,51,48
48,865,501,44,710,760,200,40,45
49,999,587,51,877,911,260,41,56
70,858,472,43,851,910,205,49,45
43,862,565,48,868,736,263,49,41
32,690,551,43,879,893,249,37,58
52,953,460,60,736,778,255,53,33
42,957,565,54,692,908,233,41,69
51,825,533,37,848,993,250,55,41
43,926,479,40,784,950,171,43,65
45,791,468,59,738,878,219,29,31
61,967,480,59,828,762,196,49,36
52,900,540,52,822,509,234,44,39
37,896,513,47,866,544,228,47,48
46,899,584,65,796,856,241,44,41
55,895,551,43,773,750,290,45,43
50,969,523,49,852,761,229,61,48
44,993,529,55,866,764,278,47,46
29,869,519,51,867,760,206,42,79
40,779,571,46,772,696,218,41,46
45,810,576,43,838,757,264,49,40
43,948,469,41,804,555,268,42,47
50,961,459,48,856,543,187,34,35
37,716,623,44,769,921,222,41,59
36,927,481,65,858,945,247,51,39
44,744,496,52,765,710,250,59,55
51,982,552,61,866,735,206,59,55
50,815,489,52,834,774,194,50,57
53,851,507,57,830,875,178,48,46
58,942,550,50,822,536,257,44,47
64,815,554,55,820,989,245,54,63
41,735,538,46,803,921,247,41,43
55,851,524,61,763,736,241,38,55
51,875,510,45,767,955,247,48,39
67,822,521,54,844,724,199,45,66
59,803,533,47,831,964,258,54,60
48,834,546,52,720,532,233,38,45
34,919,499,59,784,744,246,30,40
36,920,577,63,729,513,240,23,68
48,922,483,57,874,746,245,53,48
62,857,541,73,797,532,268,50,42
39,982,626,61,698,691,231,56,61
58,804,521,56,722,534,243,43,62
56,942,587,57,847,721,269,55,57
58,841,554,44,828,929,211,45,58
47,747,556,53,890,911,243,38,60
42,921,473,66,833,746,227,52,45
56,820,571,57,900,741,248,36,53
38,884,496,53,719,922,244,57,67
42,946,487,48,807,929,235,54,56
53,711,552,44,806,938,284,53,55
59,807,475,48,807,543,249,47,52
43,808,601,60,874,954,277,45,44
36,912,526,45,869,727,242,53,51
57,753,581,58,813,757,288,56,46
58,860,525,42,750,913,236,44,39
56,951,459,61,752,710,277,47,60
57,792,550,53,824,901,205,47,64
50,913,506,48,758,909,204,59,47
58,938,530,53,800,779,253,46,43
56,807,547,49,829,791,210,36,71
53,843,563,55,824,701,253,48,72
45,920,487,41,817,694,199,42,41
50,885,504,46,850,772,271,40,48
56,817,523,57,823,777,212,54,65
56,972,547,63,757,884,240,54,37
55,945,569,63,887,534,240,37,42
51,860,500,43,855,887,192,39,49
49,837,601,40,741,722,190,32,49
60,845,505,55,888,532,243,56,50
42,920,544,50,843,718,227,35,41
61,929,502,47,747,711,214,53,47
53,927,502,62,746,966,207,57,56
52,784,548,62,786,537,206,41,71
38,704,490,45,807,483,245,40,51
48,803,531,49,882,922,244,51,45
46,799,589,54,818,510,211,54,44
48,852,490,49,796,884,244,57,63
34,855,533,45,758,544,245,49,46
47,903,509,39,718,760,234,49,60
48,864,494,40,838,717,231,63,42
55,930,510,49,793,535,203,37,74
45,950,525,44,801,769,217,61,48
38,894,515,56,723,767,227,41,68
46,871,566,38,793,912,237,21,69
46,807,517,53,736,723,198,46,68
54,808,533,53,873,767,259,53,61
55,923,499,52,800,749,220,52,72
43,743,491,50,743,773,226,42,47
54,847,561,49,840,559,230,38,59
55,938,579,50,792,758,241,42,51
33,908,517,50,834,862,250,54,62
51,946,470,60,780,926,257,49,57
46,964,542,55,786,881,225,51,51
54,945,551,44,875,758,221,54,60
56,901,554,41,869,713,203,46,50
50,879,497,43,835,784,266,49,40
56,877,592,66,864,960,252,54,46
54,938,515,53,856,584,251,48,40
54,963,538,57,777,535,204,38,44
42,804,485,42,825,716,260,45,47
43,782,495,64,774,543,208,43,52
46,805,525,37,733,937,222,40,43
37,847,530,47,804,538,215,45,47
61,802,582,37,838,927,260,48,48
64,774,540,58,756,691,188,49,45
39,811,552,59,888,896,245,49,45
70,986,560,55,862,941,242,47,41
44,947,519,55,837,963,256,36,71
46,872,538,49,787,751,217,33,56
47,910,544,37,861,723,238,44,50
62,951,506,56,855,732,193,51,63
45,751,583,48,932,738,244,46,63
52,946,577,44,843,990,215,54,34
51,935,526,50,889,873,255,56,48
46,947,530,41,824,738,263,57,54
45,949,478,63,837,896,259,53,37
57,752,526,45,771,914,212,48,61
43,883,478,42,812,920,186,47,40
56,897,554,56,898,550,211,42,40
59,956,494,53,842,936,214,47,40
52,713,521,44,893,736,231,50,39
70,954,591,44,869,926,229,38,34
48,750,497,48,771,782,228,34,63
46,919,494,57,872,910,242,40,37
42,756,537,46,804,757,202,48,48
67,827,569,51,789,727,242,34,48
49,848,580,48,849,918,254,47,44
46,860,538,45,833,722,217,39,33
51,790,504,53,759,938,243,34,45
46,747,569,51,936,561,247,38,46
49,805,558,50,843,729,225,38,41
33,792,518,52,783,525,268,43,54
52,876,501,45,872,751,193,62,59
58,696,573,48,764,790,253,55,53
42,804,557,53,748,489,209,44,46
55,913,558,62,840,735,240,44,72
50,811,519,54,821,746,230,44,58
50,877,527,42,883,727,266,40,32
58,908,543,57,836,775,272,36,71
48,884,546,50,855,770,249,49,48
64,944,488,44,812,482,236,49,38
46,911,558,48,680,535,200,40,71
49,864,564,40,831,778,215,49,35
41,921,576,47,802,892,209,50,35
47,845,482,56,736,527,245,54,66
34,882,506,42,850,909,207,42,49
45,830,467,48,797,517,234,53,36
49,883,461,54,799,708,192,43,37
53,911,564,42,866,695,245,40,51
39,874,544,60,778,508,280,45,46
55,816,497,40,848,970,240,57,37
41,767,528,53,824,769,207,36,66
48,778,566,61,709,735,245,45,52
52,903,515,49,874,724,247,40,35
37,884,441,42,832,934,196,37,60
52,886,545,63,841,543,181,49,33
48,756,466,46,789,686,238,55,36
43,919,552,58,739,704,263,41,41
44,793,531,40,896,1001,191,32,73
45,940,562,46,770,754,244,41,68
51,804,476,46,774,958,277,44,60
42,885,504,47,778,871,214,33,62
36,897,575,59,878,499,235,42,51
45,842,473,57,862,518,219,45,52
51,890,503,57,747,519,216,46,36
58,927,480,58,812,912,267,56,37
48,851,524,60,806,930,208,51,49
56,951,490,52,804,896,220,54,49
50,919,540,41,877,947,202,36,51
62,862,561,50,853,950,229,53,64
49,904,519,49,818,938,258,46,48
46,819,508,36,815,946,238,46,44
49,827,504,45,717,885,224,36,81
61,969,540,50,771,705,217,44,40
50,803,530,56,862,896,227,48,37
54,935,471,47,891,772,244,52,39
44,961,477,48,889,937,258,46,35
57,798,502,42,822,756,255,42,63
52,785,528,57,749,554,269,40,44
44,767,514,43,772,546,266,58,48
56,887,463,45,872,509,207,53,35
55,915,544,54,909,488,257,54,42
44,887,601,78,752,532,238,44,75
68,907,503,45,735,854,234,53,47
52,835,484,53,851,735,236,50,71
58,904,513,53,862,879,208,46,35
42,789,525,42,846,755,239,44,41
50,819,473,54,837,939,247,49,38
44,750,537,37,881,774,216,37,31
47,920,487,58,850,737,249,28,45
56,861,539,51,796,527,273,60,64
45,815,473,48,823,517,208,50,36
51,749,509,39,853,951,212,49,43
46,783,538,59,825,907,261,35,49
46,921,519,54,814,724,246,44,67
38,759,523,54,832,765,265,50,41
59,788,535,51,845,505,252,44,32
52,926,544,44,866,907,199,47,55
58,872,551,58,864,771,214,60,51
41,855,492,61,852,724,199,32,55
47,984,507,58,740,807,250,50,43
39,988,555,57,814,742,254,37,41
46,964,576,56,765,791,246,48,48
49,769,470,52,835,918,249,40,42
47,882,492,47,706,899,223,54,47
50,874,474,56,848,740,237,48,57
46,838,601,42,724,982,232,46,81
47,925,518,65,768,735,201,42,36
42,745,522,45,866,516,267,41,54
53,822,529,60,825,812,210,50,53
49,937,473,55,806,520,248,41,44
31,781,465,69,865,789,198,48,42
65,839,484,44,811,990,244,57,63
53,794,502,70,810,931,238,56,66
38,928,534,54,825,787,245,30,36
52,764,516,59,808,722,209,49,55
47,799,456,57,828,517,201,46,64
53,980,496,59,736,977,200,48,49
50,759,546,43,878,883,226,35,45
63,800,480,46,870,769,192,52,43
37,948,482,65,754,717,265,55,69
54,777,539,65,838,884,274,53,43
48,780,562,40,866,967,228,36,56
49,766,555,52,885,751,243,30,46
31,863,505,51,694,958,234,49,52
50,786,476,64,732,509,199,47,48
47,799,508,52,772,891,237,43,31
41,953,568,49,937,787,235,52,74
41,907,488,63,830,771,252,33,49
47,940,476,41,813,708,189,40,54
40,776,501,55,793,977,227,53,58
53,752,554,36,852,724,210,38,62
55,889,550,56,866,913,263,49,52
55,821,558,36,855,941,238,57,50
51,944,516,51,759,929,209,43,49
40,774,545,52,839,696,246,51,38
50,756,529,43,833,887,255,48,48
45,888,509,50,802,1015,264,43,63
46,891,503,65,902,493,270,39,69
62,950,514,43,885,863,191,53,39
58,801,533,53,769,497,242,42,49
52,978,547,63,845,519,237,46,49
38,876,537,41,892,957,242,51,40
64,958,521,54,757,762,275,44,51
43,832,518,47,763,736,187,37,39
62,834,552,50,822,757,268,36,36
43,947,593,52,843,758,179,52,65
50,848,570,63,791,736,254,45,45
55,882,507,53,778,760,228,50,53
45,976,512,54,902,912,240,51,37
54,854,542,50,721,880,181,39,48
45,828,508,50,869,720,238,42,41
55,943,492,51,860,549,235,46,48
44,904,541,42,855,908,236,44,48
28,786,568,48,858,994,224,48,50
52,836,573,42,792,767,194,34,51
44,906,446,55,889,854,273,50,39
47,789,462,60,809,935,224,51,70
46,940,522,47,839,968,187,38,54
55,788,568,49,773,889,207,34,33
31,894,511,42,761,564,201,41,67
51,768,563,47,829,756,230,46,41
51,927,531,41,828,513,211,48,39
58,882,530,52,897,752,273,53,56
40,799,565,55,852,787,222,51,39
51,944,496,43,844,924,235,52,68
59,767,468,52,771,779,254,44,69
46,760,529,48,923,902,202,63,40
55,895,557,59,804,525,208,44,64
46,864,493,39,847,745,195,59,48
55,854,544,46,805,711,233,50,77
58,861,575,64,778,728,254,42,36
44,760,506,50,838,533,247,39,47
51,862,534,51,825,938,242,39,58
52,902,557,48,771,487,210,51,61
49,900,507,55,853,912,245,53,57
50,848,466,46,856,898,255,52,36
48,1039,526,52,836,912,234,39,53
46,759,556,57,806,866,220,52,46
47,878,498,49,813,941,250,43,36
49,885,500,38,821,742,218,38,54
53,917,583,60,870,961,254,45,50
52,826,497,43,764,767,229,45,53
67,893,512,38,859,724,258,54,55
59,934,540,60,791,764,227,58,78
55,779,565,64,820,730,279,47,51
45,897,480,36,811,760,232,45,44
46,792,510,39,821,536,239,43,39
45,926,546,41,838,743,214,57,37
53,929,561,30,732,774,224,41,60
46,761,471,50,814,761,255,46,62
60,833,522,51,825,748,237,46,51
43,773,551,53,747,892,205,39,32
44,789,450,42,837,544,225,31,59
49,875,537,40,840,521,207,43,46
57,814,530,56,765,712,244,49,55
46,826,614,58,852,765,218,55,48
55,862,509,48,765,552,260,38,42
45,795,515,44,888,718,247,54,53
58,887,523,52,826,1012,222,48,48
60,774,519,47,845,928,252,24,48
42,927,492,54,895,748,254,42,33
48,846,484,51,825,722,255,31,53
46,777,541,60,833,983,188,38,48
44,800,463,46,852,926,224,49,36
51,891,490,48,743,707,228,58,75
53,795,602,53,823,738,211,47,47
62,944,533,42,854,518,202,50,55
46,859,493,46,817,543,225,52,48
50,925,526,41,753,697,267,34,58
39,1003,545,58,813,891,227,49,42
52,933,571,63,813,892,206,38,65
47,896,491,51,777,773,220,48,31
50,819,561,65,743,508,188,32,61
59,748,588,56,684,935,205,47,46
52,936,498,56,849,901,226,41,55
41,803,514,35,818,567,214,49,56
53,969,484,60,842,928,257,33,72
43,782,594,48,805,753,212,49,46
67,859,490,49,840,760,251,46,51
59,813,483,62,758,493,202,45,68
48,894,553,47,804,736,223,48,44
57,807,542,60,829,732,186,45,39
64,882,606,48,837,754,266,57,51
54,876,510,45,841,975,237,54,45
54,936,510,41,810,929,206,43,47
48,959,484,53,795,927,178,40,39
50,845,537,49,860,517,249,46,38
53,775,591,46,812,744,219,49,38
57,858,506,62,818,755,204,47,43
49,821,540,41,827,713,241,45,67
65,893,543,45,762,768,200,27,43
35,687,534,50,776,675,222,67,60
45,787,504,64,859,701,300,36,54
49,901,492,68,843,751,243,52,33
48,842,578,50,816,738,268,44,41
46,751,538,48,880,747,230,44,40
57,982,524,55,845,870,220,47,48
46,796,554,60,762,767,272,50,40
42,876,484,47,768,702,216,46,43
46,903,552,53,789,517,255,45,46
43,920,532,52,867,534,219,30,62
55,959,559,66,753,913,222,47,48
54,971,555,52,734,874,258,40,42
57,895,527,43,864,907,200,43,48
38,861,527,44,862,776,229,52,46
40,1042,498,54,766,906,218,60,60
55,896,535,59,909,930,237,47,28
50,1051,477,53,845,968,267,33,56
52,857,466,35,771,874,175,29,42
42,868,553,42,855,956,220,51,52
57,934,587,64,805,519,192,33,49
56,797,587,47,741,780,248,44,60
63,874,511,50,845,722,232,46,67
62,807,476,40,851,757,243,47,74
54,915,559,56,802,538,241,54,65
45,939,560,42,719,730,235,44,60
68,796,574,49,864,508,212,47,26
40,940,537,54,836,746,206,36,38
40,755,498,60,837,506,201,53,46
34,839,524,50,770,914,240,47,41
57,904,543,46,808,924,249,42,49
63,956,552,58,751,759,187,45,38
44,907,525,46,855,907,261,38,34
46,808,536,48,818,974,196,53,54
53,864,514,64,837,810,259,40,43
43,972,494,50,781,928,258,52,51
42,798,566,67,798,735,249,43,65
52,820,494,57,869,527,250,45,39
52,826,480,54,804,909,261,59,36
43,840,540,54,820,939,271,46,37
44,840,592,55,789,857,284,56,54
48,966,539,48,808,869,197,57,46
37,999,480,73,766,944,221,46,40
47,1032,541,54,843,750,196,45,42
46,768,528,42,850,737,225,41,61
38,937,494,49,897,689,238,52,49
57,882,504,40,819,536,211,40,44
52,994,479,54,864,772,195,38,38
48,1005,535,56,885,747,251,42,31
55,775,531,42,730,763,202,49,69
52,875,566,40,783,784,239,44,44
58,792,486,50,745,932,223,34,63
53,766,537,49,701,743,227,50,63
65,944,496,57,861,507,205,49,52
42,897,553,54,866,546,205,54,72
57,875,452,49,844,692,229,50,77
46,995,523,79,806,705,194,49,38
39,876,592,63,810,896,261,50,43
46,785,556,43,770,515,200,54,54
62,889,489,55,764,714,272,47,54
43,812,560,53,739,768,242,30,67
36,839,575,47,777,752,232,52,45
59,832,565,45,847,775,212,47,39
50,881,530,51,828,880,236,49,42
56,931,536,53,814,932,239,41,48
54,744,508,42,803,903,214,40,70
46,968,521,57,790,887,215,40,50
43,746,523,50,828,504,229,45,50
46,841,557,47,871,912,232,47,39
53,785,567,61,788,744,200,50,47
39,968,481,59,692,741,196,45,68
50,916,576,45,826,900,242,59,64
43,850,475,41,816,913,217,50,49
45,1003,563,73,716,978,210,39,38
45,857,547,52,828,982,226,44,45
43,915,549,48,832,734,260,38,39
38,841,493,53,834,757,218,45,56
40,816,463,52,850,921,244,38,49
52,818,584,49,822,916,180,48,36
30,828,471,47,773,530,225,47,44
63,883,538,46,852,777,261,49,56
43,903,559,53,784,806,227,42,52
51,897,497,54,829,525,262,37,52
60,994,553,52,889,775,239,53,52
47,769,563,65,846,911,238,59,64
54,841,546,47,837,740,246,38,51
60,782,538,44,886,762,202,64,41
41,912,572,55,844,521,188,42,56
55,853,550,52,873,520,284,38,74
41,907,529,60,834,777,235,42,53
50,931,500,46,777,862,211,41,39
45,785,531,62,819,961,232,47,55
35,821,542,41,803,870,257,47,47
60,987,516,65,822,741,248,42,54
37,999,515,65,827,721,217,55,63
55,885,472,42,831,529,238,48,51
48,927,514,59,815,546,210,44,51
52,921,502,54,888,896,212,48,47
41,891,551,54,720,974,248,53,37
49,715,554,46,750,519,190,51,31
50,780,486,44,781,921,261,41,33
58,865,563,49,808,502,248,63,35
63,846,579,46,747,905,235,56,49
49,910,561,50,730,945,224,44,50
46,790,536,52,723,672,243,48,55
54,810,519,51,867,749,225,42,40
58,785,490,52,750,802,192,50,40
44,875,511,46,911,956,246,59,49
46,903,549,45,816,547,200,54,44
55,796,552,70,805,993,210,40,64
38,841,443,72,837,535,232,48,40
53,852,592,56,842,763,191,50,66
36,749,519,59,698,722,244,42,52
52,757,538,55,887,559,232,44,42
41,797,574,53,750,961,238,63,40
58,907,564,52,869,749,249,47,43
44,873,514,65,841,887,249,46,33
37,924,516,45,810,746,223,30,63
54,759,581,49,941,971,235,38,42
56,929,549,56,845,941,227,55,53
47,825,462,34,757,925,245,65,43
52,948,548,57,839,772,233,42,41
61,923,517,48,758,935,247,39,41
64,796,480,58,871,924,246,52,63
40,900,498,53,894,554,229,44,37
56,902,560,65,831,858,251,29,65
49,961,475,57,799,969,222,38,46
40,726,533,50,814,917,190,57,49
55,898,501,50,726,938,259,47,61
51,931,542,56,824,728,233,52,41
50,829,507,52,811,908,208,42,52
63,892,484,58,794,867,197,59,35
46,948,559,68,813,743,250,42,54
43,762,544,48,844,726,222,49,56
49,890,569,53,739,952,222,59,49
44,851,486,40,802,523,246,51,29
56,832,501,48,841,729,211,50,45
43,851,530,61,801,766,187,53,62
45,846,553,42,731,870,218,57,42
56,846,515,36,806,975,202,42,59
43,867,479,44,836,784,207,55,75
46,948,568,49,829,555,267,31,41
40,847,527,53,807,918,207,58,50
49,978,574,59,896,886,240,40,60
51,983,557,68,880,768,266,50,41
45,807,470,61,855,756,231,40,41
59,734,568,67,836,779,240,35,51
41,803,482,49,828,765,218,47,54
60,825,514,58,900,957,236,40,53
44,806,565,63,738,536,244,43,40
56,990,548,55,802,757,203,43,38
51,883,478,60,813,956,220,51,54
53,713,521,45,861,729,287,38,77
45,882,498,56,752,743,230,46,53
49,869,534,63,831,525,222,45,33
42,832,497,52,810,768,276,47,52
45,876,589,39,885,756,224,39,56
50,802,529,44,851,942,222,51,73
48,804,500,61,831,907,249,43,41
64,946,542,52,804,542,216,52,47
61,934,532,63,764,716,216,58,38
38,916,449,53,916,708,215,43,45
35,816,534,63,780,988,234,47,64
41,801,500,57,868,983,235,48,28
41,806,522,42,816,708,194,40,50
42,782,529,44,758,753,237,46,43
54,957,559,60,737,720,240,43,37
48,933,480,65,861,879,203,39,59
43,883,466,51,783,541,206,46,61
45,993,575,42,832,913,208,51,52
50,912,506,46,832,758,216,31,54
54,896,557,53,825,997,313,55,59
58,936,566,61,822,730,241,49,72
55,832,503,51,903,935,192,38,48
54,840,533,41,877,794,248,44,34
37,767,498,47,829,776,197,59,34
51,917,522,46,839,880,209,61,51
42,912,523,51,832,912,190,42,55
50,735,488,49,733,768,208,38,73
35,793,480,66,760,526,242,41,71
40,911,492,67,829,835,204,57,64
38,823,492,34,873,561,249,41,61
52,723,562,53,823,727,253,31,33
44,752,472,38,797,958,264,39,56
48,965,525,58,809,750,207,52,35
56,859,534,47,873,752,222,43,40
48,883,549,54,890,730,254,44,44
40,805,515,60,876,958,251,46,77
49,759,497,53,842,793,197,36,40
34,825,547,57,787,504,234,48,50
54,751,511,54,826,781,250,48,54
42,816,542,62,880,948,259,42,44
24,796,496,39,807,762,214,32,40
32,931,563,41,879,960,240,35,40
64,790,538,58,804,827,261,34,41
52,767,478,42,856,769,258,50,68
40,735,563,47,759,733,239,58,46
49,1006,522,53,816,699,237,61,37
47,889,531,47,807,710,210,45,46
49,743,575,45,738,733,244,37,54
49,912,585,55,824,749,199,54,43
42,843,515,55,776,712,221,54,70
54,857,520,56,800,565,224,54,61
65,855,562,53,760,500,250,51,67
52,839,522,61,802,721,250,35,37
54,772,542,48,829,732,218,55,37
48,895,564,44,718,713,225,62,37
50,847,530,57,855,546,226,50,39
49,829,530,54,848,875,218,38,32
60,906,550,54,754,518,209,44,49
51,952,537,66,781,978,199,47,77
58,813,483,51,783,906,185,42,39
68,796,494,59,823,533,226,58,48
46,894,552,60,898,814,213,52,48
55,919,494,54,774,736,273,47,57
51,760,492,48,872,744,196,50,39
49,891,519,43,790,964,212,52,49
55,996,514,62,865,762,250,50,40
65,805,511,35,841,923,223,46,69
53,827,510,53,859,748,241,32,58
46,927,559,42,784,894,190,48,54
52,834,542,47,780,885,184,61,60
38,824,511,44,868,764,216,54,47
57,841,502,66,790,511,269,38,56
52,904,545,51,781,730,212,53,43
47,991,481,59,728,732,207,48,69
51,750,490,40,821,740,226,33,52
57,1008,510,66,794,723,202,36,46
65,764,519,59,840,758,207,44,56
52,863,624,64,731,761,228,59,68
60,952,552,56,871,883,225,56,37
33,827,551,46,805,759,253,34,35
39,886,496,42,807,697,233,40,56
61,777,506,62,722,917,211,42,75
51,717,552,31,802,780,195,44,43
49,900,528,49,836,524,222,50,50
51,915,501,67,729,780,249,41,38
39,683,549,41,816,753,253,45,43
51,749,519,43,814,732,219,58,47
52,796,524,48,693,905,213,49,62
40,909,561,48,856,924,247,49,29
52,786,550,58,854,893,278,45,77
42,993,514,53,805,932,254,48,54
45,968,499,63,881,523,252,46,43
40,965,570,58,854,942,214,45,45
46,921,575,70,699,876,246,57,39
57,946,493,67,833,959,214,54,60
61,799,550,53,750,947,226,64,45
43,948,524,67,892,901,234,45,51
43,967,566,55,836,990,226,43,40
48,807,475,48,825,986,233,38,47
43,996,604,55,809,878,202,46,44
67,850,524,49,754,517,256,50,48
54,759,550,55,937,740,225,47,44
43,871,588,48,811,973,247,45,53
61,965,547,69,827,753,216,54,70
57,881,537,53,800,728,214,42,41
44,872,529,58,850,735,271,41,46
60,900,479,59,716,735,196,45,46
51,817,464,55,821,728,198,39,36
45,1021,481,62,784,885,262,45,41
50,861,546,41,868,545,234,53,42
43,847,574,53,847,995,196,47,53
59,914,495,58,845,540,207,43,48
42,950,503,70,835,695,201,42,56
61,862,483,51,875,927,233,43,42
46,873,583,55,833,760,228,56,65
56,868,555,53,854,713,238,52,54
48,925,518,60,864,743,208,47,63
45,964,489,53,835,753,225,47,40
42,694,487,46,826,966,263,45,37
60,796,495,51,773,710,277,63,47
41,843,548,64,871,902,282,49,36
56,806,519,48,785,500,274,39,50
63,814,548,59,752,746,194,50,48
39,736,491,50,841,531,243,53,62
47,821,522,57,712,972,188,53,47
54,995,568,63,831,524,250,54,43
39,925,547,39,755,737,243,51,44
42,812,538,36,811,771,232,42,51
48,863,548,47,748,927,207,53,49
36,821,503,46,909,853,259,54,61
44,875,564,50,772,521,188,26,52
40,789,479,42,879,522,198,47,39
47,874,550,69,864,928,204,40,46
52,912,511,36,809,946,244,44,45
45,833,534,56,822,544,221,56,48
49,796,553,62,752,965,260,43,72
53,947,600,48,774,984,215,48,67
55,947,453,65,753,734,248,35,57
38,826,521,50,792,774,243,62,71
41,833,530,66,829,911,224,42,40
55,943,497,58,856,753,254,46,58
47,786,559,66,794,518,271,49,63
54,785,484,36,854,931,249,59,32
57,891,445,73,817,933,217,43,60
42,785,509,51,778,774,222,47,46
51,751,554,69,783,911,222,28,47
51,738,566,39,870,752,210,51,47
56,797,531,50,857,746,204,33,51
58,893,572,55,834,1007,218,42,44
37,774,567,45,883,760,247,40,51
48,781,464,44,889,750,262,37,38
46,766,526,50,755,954,203,62,65
65,894,562,41,761,952,197,37,38
49,903,479,49,805,925,180,43,34
46,913,576,51,744,871,214,57,38
54,911,486,56,898,552,203,37,48
57,928,508,46,889,853,200,42,63
47,900,502,52,803,975,169,42,47
44,739,507,70,857,885,248,40,42
60,898,557,55,749,781,202,48,54
48,758,522,61,834,991,203,37,84
67,754,493,68,864,921,280,41,50
57,850,476,67,902,888,262,42,37
47,779,505,49,804,530,197,56,42
54,839,543,52,746,741,239,38,57
57,957,524,49,699,760,218,56,46
57,983,552,62,814,476,198,37,51
38,1006,569,55,757,515,202,54,47
52,852,552,50,842,969,194,36,49
42,741,535,60,865,748,215,36,32
35,862,479,44,813,921,209,44,72
48,1016,527,60,898,752,240,54,44
53,943,473,55,870,863,268,42,40
53,796,476,58,843,754,219,40,43
46,825,511,66,833,709,245,43,49
56,759,483,66,839,730,259,31,48
37,991,570,60,777,544,227,50,46
52,864,513,59,870,966,240,35,48
40,956,505,56,859,740,233,54,44
53,862,560,50,826,730,208,35,76
57,957,556,69,858,718,274,45,72
50,891,492,53,849,914,200,52,43
67,875,539,59,831,730,213,53,54
46,919,544,57,700,509,264,54,51
57,915,547,53,803,745,178,52,53
45,968,585,58,659,506,190,50,65
46,715,519,39,830,937,202,55,63
44,831,556,58,816,737,225,51,51
58,854,499,47,787,962,246,52,37
47,733,515,44,745,734,189,42,44
49,835,518,46,843,550,234,38,40
65,783,511,49,710,731,193,43,56
52,1040,516,57,714,786,220,47,42
49,872,533,43,791,884,230,35,48
50,934,482,41,748,927,198,51,44
43,864,518,38,800,758,196,47,47
51,959,504,38,801,768,207,50,41
52,986,461,69,862,912,234,52,57
44,788,503,40,785,565,244,48,43
47,913,514,49,813,781,192,42,68
48,868,485,39,921,545,263,47,47
56,924,509,53,862,765,290,52,32
63,874,500,45,801,729,292,43,64
51,833,576,62,729,732,223,59,29
40,850,549,55,903,733,252,46,32
50,927,598,48,846,673,224,42,48
41,824,603,54,814,904,232,38,36
67,803,477,52,791,943,203,46,43
49,912,569,55,812,987,211,34,43
41,959,538,45,786,1049,200,43,69
61,796,481,71,777,725,181,44,84
57,916,592,50,781,934,205,60,73
65,915,552,52,816,726,246,53,36
34,964,517,63,830,508,229,51,46
50,737,531,53,806,898,229,52,78
46,859,551,59,887,747,240,44,48
31,916,532,58,835,820,231,40,37
43,873,511,53,820,893,205,48,38
59,793,484,54,809,915,206,38,48
56,766,556,52,850,932,214,52,26
53,945,530,58,780,529,185,40,49
37,897,549,55,838,724,223,39,44
40,720,546,59,806,734,234,52,51
51,907,501,66,850,755,208,45,51
55,968,476,46,765,887,216,46,61
63,773,509,64,779,925,249,44,33
42,897,535,54,797,758,281,38,39
38,909,474,60,770,965,254,41,72
42,977,519,60,794,815,224,44,60
56,830,532,59,831,919,267,52,45
57,808,524,70,870,528,251,47,58
63,779,571,57,729,974,201,50,43
40,858,517,46,762,540,177,53,46
38,917,486,51,761,751,240,50,55
61,843,481,43,740,933,238,47,47
51,731,590,41,834,744,212,49,64
46,764,563,44,916,875,251,38,65
51,845,487,61,853,703,201,44,44
43,974,515,36,826,767,189,56,72
49,898,538,55,760,947,267,40,44
49,802,527,44,886,931,228,57,42
55,843,600,57,857,722,197,42,46
53,952,516,57,847,559,245,52,57
50,780,500,50,782,864,242,52,52
51,749,497,50,823,713,241,47,41
49,932,507,43,827,930,233,61,41
56,780,571,52,801,680,222,49,58
48,819,450,50,832,982,194,64,37
55,801,487,51,830,943,261,43,43
63,958,573,66,822,884,249,39,40
40,754,562,55,793,765,231,51,51
29,896,513,58,792,788,261,53,40
46,825,575,46,858,766,240,60,48
52,749,497,50,845,543,232,34,40
41,911,475,66,807,488,262,42,68
54,934,562,51,858,753,266,42,48
56,841,500,48,833,774,270,44,42
58,796,520,60,753,740,236,46,45
51,868,552,51,897,959,239,58,71
47,878,458,49,817,762,247,36,51
49,922,541,40,815,750,208,45,48
34,830,564,51,874,709,215,50,37
50,929,512,34,827,988,257,48,46
41,911,562,56,889,925,242,61,54
62,755,549,43,801,772,223,51,56
45,828,502,60,855,741,240,51,50
40,894,580,47,753,688,256,64,52
51,1025,595,59,733,750,237,52,52
46,879,542,52,823,508,243,44,41
44,915,477,52,890,917,261,42,48
60,747,524,55,757,746,204,47,39
45,746,486,35,809,751,228,35,51
43,748,499,53,771,976,206,58,34
33,900,491,45,744,739,244,47,53
45,796,493,45,749,878,257,50,46
53,788,523,45,731,753,220,46,55
60,911,499,61,753,892,199,43,51
32,773,484,54,792,517,220,61,48
51,978,524,53,880,745,214,46,39
58,793,483,44,836,961,221,39,68
50,971,485,62,854,917,248,59,49
34,754,533,51,894,522,214,50,45
43,861,555,42,721,730,210,39,47
52,811,513,59,786,973,205,41,45
36,853,476,42,747,765,244,52,42
45,863,546,59,852,986,234,47,78
35,791,505,47,858,776,262,50,47
55,799,524,49,822,749,254,40,45
56,938,569,64,853,899,211,52,63
64,954,551,52,887,929,266,50,38
42,869,517,44,851,553,187,56,49
57,948,552,42,833,532,228,47,41
47,731,563,55,855,538,278,43,46
50,999,542,59,821,900,208,40,42
48,727,516,39,837,521,252,47,51
45,787,546,60,764,770,265,38,54
52,945,511,52,785,553,263,33,45
53,776,471,56,810,739,259,47,49
46,824,509,42,725,746,229,38,41
36,929,513,60,857,776,274,58,76
47,805,573,50,744,722,202,46,30
51,889,544,54,809,521,225,50,51
47,766,585,58,863,552,258,57,57
42,838,492,62,748,923,262,49,53
55,843,494,43,857,924,242,32,46
50,945,534,48,882,934,199,48,75
55,927,499,49,764,722,189,37,59
53,826,592,50,806,536,270,35,66
45,786,540,53,843,772,229,49,52
43,788,477,60,896,1011,222,36,47
49,805,484,49,740,492,203,37,43
55,1008,554,53,741,540,204,46,55
51,900,544,59,847,732,223,45,47
50,763,547,66,847,775,286,40,50
34,965,551,63,761,885,229,46,49
45,777,536,46,784,734,216,48,47
44,914,495,60,705,754,204,43,67
56,938,527,61,883,909,261,42,44
69,812,466,53,870,897,247,47,44
52,793,507,54,763,907,277,50,47
44,897,515,56,787,796,206,46,43
56,987,494,48,870,944,251,55,43
39,742,496,50,900,956,239,35,47
60,854,536,36,718,750,268,37,63
68,881,581,62,777,732,249,43,65
40,856,492,58,737,698,196,58,54
44,879,518,57,841,749,193,52,46
60,813,563,51,776,542,225,42,72
66,804,527,47,842,554,244,46,29
52,907,561,39,755,905,235,44,37
43,808,528,49,756,854,209,36,59
44,787,520,56,859,525,207,52,49
38,713,515,55,844,774,254,53,45
42,908,562,41,723,972,209,30,33
47,885,482,58,879,545,210,43,41
47,968,531,56,878,532,228,46,67
55,734,506,52,834,893,236,44,61
36,754,495,51,817,805,235,33,43
48,936,517,78,745,533,187,43,46
40,784,568,65,844,927,248,51,55
44,726,607,59,829,754,200,45,58
50,919,607,45,873,719,243,46,66
51,839,495,49,796,752,206,39,38
56,862,493,48,835,900,231,45,42
51,919,549,48,910,715,242,49,47
59,739,558,51,789,869,263,50,48
43,1044,506,56,855,751,246,48,69
54,739,546,41,802,705,198,47,71
47,840,548,47,744,574,213,55,54
40,765,528,49,762,914,168,51,68
53,912,554,56,828,934,258,40,47
43,871,477,42,794,765,229,36,47
60,871,556,44,828,878,208,47,39
44,910,461,42,847,754,259,57,39
40,999,470,59,808,748,230,48,39
59,869,473,55,803,551,221,42,48
55,766,498,56,795,887,257,54,66
47,783,497,61,783,512,214,47,56
44,909,534,47,814,931,191,33,75
42,965,576,51,868,674,245,45,61
48,790,532,49,791,767,247,45,60
49,990,564,63,868,754,254,47,36
48,804,496,59,885,776,228,43,51
55,900,559,35,899,694,272,41,58
53,888,528,55,859,908,241,38,52
39,714,525,46,780,900,269,39,49
33,934,523,65,897,769,278,37,42
47,858,524,41,806,916,235,51,37
56,864,546,42,836,768,253,46,45
59,747,529,33,770,692,252,36,34
55,758,590,43,846,767,286,46,55
55,824,470,44,740,739,241,46,53
49,925,516,46,733,772,237,57,47
43,841,520,50,824,765,218,57,59
58,914,568,46,807,767,242,47,65
46,800,491,53,832,740,224,57,42
63,944,516,70,825,907,263,34,52
52,906,505,56,832,531,226,45,56
40,814,514,57,787,497,246,48,53
46,728,589,54,760,552,190,61,35
57,872,559,60,699,539,266,49,34
53,811,575,43,885,541,276,39,47
62,864,455,43,832,528,197,54,45
53,853,545,45,896,959,249,38,42
37,867,480,52,769,518,226,36,38
64,801,520,40,799,739,223,49,76
56,828,492,41,848,689,200,45,44
25,825,504,49,839,732,244,47,48
43,807,521,52,842,712,246,24,67
48,897,565,61,827,789,253,46,42
49,800,503,37,773,545,251,49,38
39,891,569,54,844,886,246,35,58
51,934,566,69,778,913,214,56,40
52,816,459,37,811,529,235,51,59
52,774,532,50,732,758,220,59,46
45,993,488,71,823,930,208,31,66
44,788,536,43,779,507,227,34,55
59,858,507,28,795,976,238,43,48
40,851,558,43,725,776,193,40,36
37,902,469,51,841,868,227,50,41
47,942,565,66,808,759,212,38,51
59,984,546,55,792,531,266,33,52
61,958,540,55,820,784,210,40,37
73,904,527,67,863,958,269,47,40
53,939,566,51,771,922,211,51,46
43,860,531,51,815,707,225,46,39
50,754,537,52,788,540,198,55,48
47,748,497,48,826,739,229,43,45
59,819,564,70,839,727,271,34,53
50,830,587,38,806,716,201,44,26
47,1046,524,58,776,770,236,56,48
61,777,512,39,879,527,217,48,46
50,917,491,41,821,1021,205,35,38
48,762,612,63,733,881,222,44,49
51,828,593,38,873,746,246,48,43
41,914,525,38,811,928,226,54,38
59,907,549,70,801,931,192,45,44
61,907,488,51,760,729,264,44,69
47,798,518,70,831,720,184,44,42
44,807,556,48,903,514,252,46,52
49,818,491,45,844,732,198,42,72
55,979,504,48,911,757,260,39,49
53,791,469,52,834,871,232,43,41
56,856,554,57,830,889,198,57,44
47,999,538,55,829,878,218,45,49
49,778,487,54,837,918,200,50,53
45,940,520,48,749,722,255,71,49
49,905,494,53,753,949,235,50,40
48,843,529,70,800,719,247,42,57
41,829,483,40,807,732,202,46,55
45,938,526,48,827,971,263,42,67
49,933,518,46,880,903,267,52,43
28,780,563,39,766,715,219,55,33
64,810,465,51,872,514,269,50,52
51,774,513,37,885,854,250,47,40
44,826,493,37,823,791,226,52,57
42,949,556,48,750,975,195,51,38
49,886,476,48,858,487,209,43,62
61,1003,469,58,804,736,228,58,42
52,916,514,40,774,755,251,59,42
44,747,502,39,894,537,238,34,71
53,983,477,68,767,895,202,52,73
38,886,525,45,868,786,224,40,34
42,858,520,52,793,509,255,33,34
71,905,556,42,829,925,219,44,40
58,847,539,69,760,734,225,33,59
40,742,572,47,806,793,226,47,53
39,841,590,46,812,745,269,61,73
42,786,477,57,772,755,222,55,73
45,927,542,52,721,771,189,53,81
39,822,521,59,812,730,193,39,43
52,801,510,52,788,766,197,35,36
58,837,548,50,736,544,241,49,50
53,870,587,51,834,522,205,53,58
38,862,498,60,797,770,171,42,67
54,871,476,53,853,974,261,50,60
61,820,507,62,818,782,268,41,59
44,777,504,51,767,979,235,36,47
59,953,559,38,680,886,221,43,45
50,770,534,45,820,785,210,47,49
57,813,575,57,873,530,248,46,52
42,796,539,57,853,945,201,58,39
43,811,471,49,791,683,196,44,41
57,1005,477,62,891,741,193,46,60
58,879,597,51,825,950,202,49,60
41,961,542,52,879,758,197,46,46
49,996,514,53,828,909,185,33,41
53,953,497,61,897,893,254,54,40
55,802,572,55,782,764,225,59,37
54,968,557,67,780,747,179,45,81
53,807,483,45,814,951,210,57,63
42,782,481,53,857,974,241,51,42
45,902,480,48,820,512,190,47,47
47,809,494,51,751,691,208,54,43
61,892,515,39,792,542,228,46,35
50,809,518,42,815,772,255,43,84
42,961,493,35,821,872,259,57,76
42,730,502,44,700,878,199,46,52
44,819,460,48,797,928,236,35,77
49,956,582,45,778,940,197,46,43
50,892,582,39,776,770,213,34,70
49,902,572,35,862,557,224,55,49
59,749,514,59,898,902,216,40,41
33,943,538,41,871,507,212,50,50
44,856,535,50,874,732,260,46,46
42,749,604,44,756,880,244,42,38
32,920,532,61,768,798,211,39,56
46,959,576,55,923,744,239,41,39
56,782,450,37,897,721,234,44,57
43,847,481,41,848,958,197,44,39
45,750,570,46,722,939,229,42,40
64,972,545,63,773,509,267,51,44
51,886,552,53,849,912,222,30,38
57,911,460,42,856,759,233,54,33
42,762,480,37,866,505,218,40,53
47,842,583,49,743,738,227,36,57
53,719,538,57,837,514,215,53,48
39,915,511,47,760,769,255,48,46
61,946,486,62,841,734,243,45,41
52,796,529,65,803,736,231,54,52
63,967,515,58,879,910,295,44,43
50,781,522,72,831,813,205,39,56
52,875,576,35,806,772,208,55,36
45,898,530,50,734,968,197,46,34
41,889,518,42,848,933,272,47,45
53,815,499,36,770,902,255,56,35
58,897,484,56,914,750,251,50,55
49,944,503,64,800,534,245,41,27
44,894,586,57,790,854,226,37,56
57,804,488,57,867,796,261,38,47
50,774,490,40,852,934,221,51,66
51,855,497,71,779,951,212,54,41
48,853,554,42,776,535,212,50,62
45,1039,566,48,809,936,280,48,58
41,767,506,49,803,521,209,44,58
50,882,566,55,844,795,206,44,52
24,802,577,44,808,764,191,40,50
52,817,506,47,846,535,197,30,45
55,893,564,48,758,744,231,38,45
34,916,571,43,861,758,260,45,36
46,809,566,53,811,947,216,46,53
57,820,553,59,849,942,233,44,65
50,824,521,52,737,945,261,40,51
68,918,563,64,736,980,188,45,42
43,954,575,60,826,748,189,53,37
47,808,505,45,850,773,214,45,76
57,779,484,47,872,684,243,35,53
55,898,476,54,787,766,210,51,55
49,1013,505,57,763,751,209,37,47
48,740,518,52,779,553,264,45,59
53,904,487,38,807,950,220,56,64
48,718,546,49,722,915,228,55,53
57,885,529,41,888,903,255,49,39
41,722,491,51,825,539,281,40,51
48,897,513,35,857,965,225,61,44
68,923,535,53,791,532,268,42,53
43,861,571,62,839,904,262,42,47
54,813,515,57,855,892,196,59,37
37,745,508,50,743,503,207,54,43
48,785,497,59,818,724,247,25,54
61,856,561,57,785,942,253,52,61
43,744,488,57,880,551,270,54,35
46,763,491,48,737,793,221,40,59
36,870,509,61,825,911,160,56,39
40,739,585,52,811,749,224,33,32
49,928,540,41,848,511,213,55,32
58,838,582,57,784,506,232,57,40
57,850,516,55,793,775,219,43,45
46,866,520,41,836,796,224,44,42
40,726,551,50,721,912,210,42,45
41,789,509,53,850,507,217,48,43
56,1017,551,52,817,772,241,43,49
36,793,513,64,853,950,234,30,32
63,944,498,49,736,761,200,46,31
48,794,528,64,766,920,245,54,52
57,729,534,49,820,921,233,45,74
60,758,583,49,788,775,259,46,52
53,737,464,59,754,937,221,42,49
64,788,512,54,848,558,230,64,45
33,903,563,52,768,938,228,50,56
64,978,509,44,748,475,179,43,45
45,872,482,66,845,493,209,42,37
51,829,542,64,869,745,241,38,43
64,1031,573,67,758,533,253,41,71
44,946,497,60,810,858,257,52,45
42,949,578,55,853,721,263,52,65
48,992,525,56,790,741,224,50,61
36,749,625,42,865,898,200,54,50
62,875,480,54,907,495,270,60,36
51,892,543,37,863,775,237,53,46
35,899,536,44,829,920,239,38,52
58,731,541,52,768,906,247,52,52
50,801,518,58,842,985,212,36,33
42,859,560,55,813,936,225,41,45
47,829,460,48,802,881,244,55,50
51,884,518,44,856,953,253,44,37
46,803,537,50,872,535,230,41,83
57,918,519,62,779,802,203,53,43
44,788,530,62,769,709,195,40,45
47,926,508,48,825,759,211,55,36
46,771,447,47,768,948,233,56,42
52,834,495,64,878,736,233,42,46
63,805,608,57,847,748,245,41,55
46,892,525,60,765,524,198,49,40
55,729,567,58,815,959,242,39,49
47,795,583,61,822,985,243,37,60
47,838,556,55,755,933,259,34,74
44,867,502,48,908,722,269,37,50
47,868,515,62,811,701,227,61,41
53,766,554,58,862,788,277,45,50
52,750,517,42,852,981,253,55,30
60,816,529,62,843,742,258,49,45
43,930,539,61,866,956,231,36,54
53,940,489,47,801,887,238,37,45
61,896,542,48,766,753,238,58,50
54,901,470,54,763,915,260,39,38
56,888,532,47,740,753,244,53,54
55,713,482,47,881,985,231,40,49
47,795,510,63,711,921,223,45,49
46,857,581,54,740,721,257,47,42
43,820,531,56,876,751,268,42,46
45,884,543,46,847,528,232,68,43
53,940,507,54,808,931,265,44,47
47,793,596,45,814,937,271,63,59
56,928,534,47,781,876,227,43,39
48,799,537,74,808,745,234,49,37
60,890,531,49,876,800,229,38,56
35,927,469,47,765,732,220,52,63
56,809,510,67,752,533,245,38,22
49,877,538,36,750,792,202,49,44
54,892,494,63,848,741,194,55,54
45,940,524,56,796,979,246,41,70
64,917,491,47,775,719,230,54,43
40,966,540,55,818,727,198,45,44
36,740,557,55,841,712,180,51,55
54,740,540,54,829,919,207,55,41
40,803,476,54,846,910,286,48,66
29,907,489,49,860,894,235,37,63
39,878,590,64,819,718,233,45,48
51,832,587,45,865,886,231,49,46
53,737,559,40,849,957,225,49,52
62,732,483,37,727,919,217,44,42
66,949,500,50,880,921,249,47,73
55,955,495,42,811,885,249,48,40
54,850,565,47,881,937,222,37,52
61,799,576,76,850,931,248,42,49
55,835,510,46,727,759,258,40,40
47,819,497,55,794,903,236,51,57
47,847,505,52,749,897,197,54,43
72,953,525,49,763,579,250,39,45
44,986,547,55,755,944,254,39,49
56,856,511,50,885,747,260,54,49
38,845,529,46,846,529,255,48,43
44,892,493,51,846,518,249,49,60
58,986,503,56,757,936,252,46,39
49,836,521,48,863,540,242,46,38
40,901,493,55,845,882,190,50,48
37,770,563,52,773,791,268,44,39
52,985,523,51,861,757,262,54,44
57,959,515,68,842,797,216,38,36
48,770,510,47,878,701,269,57,59
52,786,524,65,848,934,222,45,56
52,929,471,55,771,770,188,44,41
44,882,553,40,677,675,278,45,54
51,898,493,41,815,928,215,55,40
34,809,498,59,916,899,266,59,33
51,844,506,45,824,531,230,51,36
38,906,560,56,827,733,274,51,46
47,793,503,50,827,751,225,48,44
35,794,527,47,824,747,221,48,59
54,878,516,44,854,888,233,42,54
55,840,536,56,781,933,193,52,56
50,765,483,57,874,736,205,36,47
47,930,534,44,832,923,203,59,36
49,788,517,57,812,954,208,47,52
41,779,545,51,820,874,262,55,49
55,1004,509,54,774,915,201,64,39
45,938,558,46,780,552,199,53,42
34,911,522,64,799,939,252,51,31
48,776,548,59,743,498,217,42,74
41,887,546,32,759,900,263,45,45
52,824,516,49,766,788,249,31,42
55,808,530,66,889,736,210,50,45
40,920,525,51,939,906,230,52,47
49,836,593,50,790,503,265,56,72
40,935,569,48,831,953,268,46,49
52,1008,507,60,819,732,223,49,76
52,742,545,59,865,535,210,49,41
44,891,486,65,834,530,255,47,31
39,995,494,43,825,733,243,52,42
54,858,505,44,757,499,191,47,90
57,773,459,43,884,784,237,46,54
28,794,541,49,861,935,261,55,69
46,903,518,50,851,886,224,43,63
57,968,486,47,751,948,198,39,52
55,782,473,46,780,874,181,38,66
52,770,567,51,847,734,237,29,57
44,1012,552,55,847,751,206,48,40
54,893,556,44,722,525,243,52,27
51,850,486,42,892,596,245,43,43
56,931,519,53,820,549,203,51,32
35,737,544,34,735,933,212,58,41
38,958,507,49,839,769,206,49,61
53,859,516,52,840,994,213,49,46
40,900,588,47,843,760,256,39,45
55,1009,500,54,812,565,246,46,55
51,860,500,58,719,700,278,34,37
71,913,482,55,796,969,220,42,32
50,896,591,54,969,704,237,53,61
47,1017,494,58,808,713,227,47,34
51,774,582,64,871,709,239,42,46
50,796,581,47,865,760,256,41,42
60,775,512,48,882,904,231,53,40
44,844,510,45,728,933,262,45,39
39,719,521,46,869,759,217,54,53
43,788,588,48,742,736,233,46,60
39,915,524,67,758,907,249,51,60
49,863,507,58,716,891,238,53,45
37,784,534,37,853,910,223,52,36
34,857,546,58,749,926,261,54,70
34,888,477,52,813,775,253,33,36
44,771,494,59,788,564,238,48,63
51,909,484,46,724,746,203,46,45
60,923,491,64,829,519,269,44,55
50,873,562,56,867,568,257,64,46
52,819,450,57,702,570,196,51,51
64,915,452,60,751,918,203,39,47
48,732,516,42,892,736,259,37,54
55,757,541,52,869,532,221,39,46
43,857,494,59,812,747,212,46,43
46,791,530,62,770,747,219,49,45
53,835,463,47,834,869,279,40,57
52,881,509,52,854,943,224,47,40
53,960,509,68,862,927,264,48,46
47,846,502,42,808,988,236,37,73
49,990,483,55,778,958,279,44,40
50,881,479,63,869,743,239,42,36
55,739,519,46,857,765,263,34,37
47,945,475,59,826,927,272,51,72
56,941,591,61,842,913,266,34,46
44,897,568,47,786,791,264,52,45
44,764,536,48,861,550,225,47,34
52,797,510,44,793,900,200,49,44
57,931,597,54,748,882,198,41,55
40,744,495,43,823,786,261,51,50
36,971,476,58,829,513,219,31,57
55,791,540,52,768,527,234,50,66
39,853,556,55,820,700,201,32,34
61,799,566,63,807,905,202,40,72
42,883,574,50,772,541,268,30,49
46,841,582,55,842,510,253,34,45
69,884,483,53,751,694,211,48,44
53,829,528,42,761,509,182,26,56
41,968,497,56,777,935,207,38,70
51,793,564,37,797,876,240,39,83
35,942,492,55,817,934,229,46,55
50,710,526,53,805,969,212,44,71
68,803,490,52,841,951,232,42,46
50,895,507,54,805,740,192,36,74
38,926,609,56,671,503,188,45,47
45,826,513,46,772,747,217,40,59
46,976,557,59,871,698,216,53,72
54,891,483,59,807,726,221,48,24
50,759,493,57,780,778,251,35,58
60,900,513,46,808,944,281,41,49
34,929,496,51,746,719,242,43,66
45,962,481,66,857,568,178,40,59
41,928,508,53,847,920,230,43,64
54,825,475,63,838,757,197,48,54
58,859,533,57,802,526,242,61,44
26,695,478,54,787,752,229,40,50
53,903,501,43,829,473,243,48,70
54,954,491,52,878,771,248,43,43
33,882,490,53,706,888,249,51,51
49,1018,499,59,861,504,237,58,55
47,867,470,41,818,717,243,51,48
49,931,491,61,868,736,273,40,80
48,888,566,39,818,707,200,59,73
69,881,583,41,829,870,212,43,81
52,878,535,42,768,926,188,64,42
39,920,590,42,814,866,253,33,66
34,931,486,58,815,910,226,45,46
53,766,575,56,858,757,240,37,66
39,825,476,54,704,693,209,52,53
52,980,506,59,842,493,236,42,45
48,987,582,56,805,539,212,50,42
50,728,524,47,801,740,214,49,27
41,908,572,54,740,806,239,49,40
41,738,480,52,828,521,219,36,32
42,829,553,56,815,930,264,46,60
41,921,493,46,772,946,244,30,34
31,703,602,52,726,511,251,39,51
53,774,557,50,720,539,202,53,49
48,911,520,52,843,733,201,41,63
51,903,498,35,843,550,189,56,35
58,858,553,54,876,1007,232,49,48
48,940,491,51,880,755,215,57,37
51,804,499,49,719,910,235,48,40
47,818,487,59,786,544,209,50,35
48,922,582,52,774,537,253,40,77
62,966,522,50,882,767,192,63,49
40,862,546,64,783,519,232,49,43
63,688,485,48,736,759,261,35,38
45,837,503,49,834,989,207,47,44
52,747,505,46,766,545,254,53,53
52,1016,501,51,782,969,256,46,58
57,831,587,67,787,748,192,47,46
42,744,518,55,773,780,207,42,55
49,774,478,52,868,717,234,36,63
49,705,529,48,828,752,194,40,47
50,786,520,44,691,509,258,44,46
62,991,552,62,813,777,272,36,60
44,917,543,70,864,961,254,36,60
39,856,573,64,833,922,224,35,41
61,796,589,62,825,716,264,44,49
52,861,560,41,880,955,269,50,36
61,908,555,48,849,781,222,31,55
50,867,560,53,850,536,201,56,65
47,954,594,37,719,494,253,30,42
39,812,549,73,865,893,244,54,63
56,884,622,43,767,739,228,42,46
59,826,502,55,867,517,239,44,60
45,877,534,45,825,553,255,51,34
48,908,546,43,834,896,206,43,41
49,955,563,63,785,743,211,42,41
56,783,557,52,831,774,256,47,59
32,887,595,59,837,928,216,46,58
54,817,571,51,826,709,202,35,60
47,941,505,58,804,789,210,51,49
46,800,524,35,786,949,234,50,79
48,800,572,50,778,777,236,47,38
37,828,490,60,888,961,208,38,45
50,948,520,44,737,695,202,58,40
38,784,514,39,856,530,219,37,42
47,871,488,43,833,920,251,51,33
36,957,501,53,859,944,254,49,52
48,893,538,44,807,734,209,45,40
47,1000,515,57,817,759,214,60,57
38,806,531,61,837,894,266,53,32
45,858,495,48,739,981,217,40,68
49,840,541,69,770,870,237,48,50
40,883,594,45,809,718,258,37,58
54,816,471,46,887,750,250,30,59
42,854,581,50,756,935,256,43,49
51,720,515,58,820,907,239,36,40
60,954,495,60,841,910,196,58,52
50,773,534,54,818,728,228,44,42
41,760,472,44,785,749,212,50,37
65,985,512,57,816,973,249,35,46
43,759,527,57,724,771,215,49,51
43,797,485,55,693,535,213,47,54
28,749,549,47,825,916,198,24,37
50,859,538,38,728,507,208,48,52
36,1004,545,53,847,939,223,52,46
48,842,470,68,797,534,207,51,52
53,752,571,44,798,780,214,48,41
54,957,541,41,849,878,247,44,50
43,912,512,49,788,875,266,44,84
45,904,536,42,782,529,237,56,51
39,918,550,51,800,930,250,52,42
62,842,504,63,785,886,260,50,38
39,848,466,55,944,540,278,55,41
48,786,542,40,816,777,238,46,45
59,834,570,55,832,936,213,27,46
50,694,537,37,851,734,269,46,32
44,860,544,61,748,752,243,42,58
47,982,507,58,770,760,213,43,63
55,955,519,50,717,773,208,50,50
69,783,591,48,897,546,229,57,47
51,814,537,55,858,694,189,34,43
45,943,573,52,778,506,265,52,57
55,1007,546,56,833,805,222,46,44
43,941,482,54,861,925,215,37,43
45,983,539,59,894,914,252,50,40
42,1028,509,45,843,756,215,39,40
46,806,544,61,818,734,213,58,50
54,923,601,42,918,509,253,48,67
52,998,601,48,850,728,232,56,47
48,834,553,59,904,517,243,46,41
41,885,520,45,921,790,243,52,52
43,922,553,45,843,825,221,36,65
47,780,473,37,881,807,236,37,38
57,959,480,50,925,753,216,51,66
53,833,574,62,753,697,214,40,59
46,878,573,60,875,482,227,51,54
30,722,565,52,699,951,194,52,46
47,794,507,51,838,740,280,42,54
63,920,560,56,825,507,254,47,51
43,854,600,51,732,735,236,47,64
53,960,523,53,725,937,206,48,61
50,881,446,51,909,552,241,49,56
51,1004,597,59,853,793,218,42,39
43,781,586,36,855,769,205,48,31
48,759,568,50,867,755,235,58,43
47,856,564,44,743,495,225,42,57
37,922,475,52,787,516,211,51,52
40,876,484,48,684,515,229,55,54
51,917,517,59,812,769,264,39,49
53,928,481,46,733,759,217,44,44
46,837,508,48,846,923,251,54,48
50,865,533,68,802,745,269,38,72
33,867,549,47,928,751,226,37,47
53,808,566,65,832,747,221,31,39
46,972,481,53,879,746,242,35,48
50,844,492,44,744,573,200,60,34
46,960,532,43,899,805,209,33,50
49,885,477,50,803,896,182,41,83
48,853,500,64,848,777,227,32,70
48,910,574,38,772,897,230,41,49
45,898,465,40,743,733,200,39,54
52,870,584,43,838,900,179,45,39
55,822,484,54,743,952,236,49,51
55,914,549,52,876,890,217,39,75
58,891,638,45,846,958,252,43,50
40,854,544,55,780,844,232,41,45
43,948,486,56,821,526,244,49,44
57,909,521,53,835,979,219,60,32
47,773,592,54,836,520,255,43,42
38,915,486,49,858,900,298,36,59
48,895,588,61,780,783,243,38,66
57,716,529,50,815,745,207,49,51
40,834,535,50,867,781,223,43,38
68,906,592,47,817,959,224,29,51
59,838,477,51,831,733,243,54,45
50,999,554,54,839,881,190,47,60
44,903,507,55,875,980,224,47,37
35,912,495,53,887,894,216,44,40
59,878,535,61,845,524,221,48,44
50,761,538,50,837,740,207,42,60
33,860,572,44,837,899,278,49,67
43,987,464,60,837,500,231,47,51
32,801,555,47,918,856,251,54,39
49,815,507,62,791,916,256,48,56
55,914,498,62,799,920,258,41,53
35,794,511,45,799,928,251,55,52
54,840,543,65,832,869,232,51,41
61,822,525,47,856,798,235,37,50
37,912,505,61,856,781,218,41,45
53,792,539,40,891,724,249,42,52
45,750,487,44,759,929,190,55,48
44,920,471,55,888,917,249,64,65
46,765,535,60,699,934,203,43,47
46,876,535,47,879,512,216,56,49
52,801,494,54,762,750,288,51,73
48,910,488,38,883,782,252,43,29
56,857,515,61,763,559,243,53,52
58,842,486,63,832,941,243,54,48
51,1010,485,47,798,938,239,51,36
48,977,465,49,820,884,210,64,50
49,908,497,44,867,892,242,36,48
43,929,546,55,910,882,276,29,42
45,1041,583,56,903,885,210,40,69
38,753,617,40,786,968,217,38,51
37,787,478,56,810,545,279,48,44
51,731,569,49,854,911,261,49,51
38,753,502,61,844,571,274,57,44
55,796,505,56,884,869,266,54,76
50,714,509,56,770,966,257,35,39
40,767,580,43,715,500,214,47,42
36,893,514,45,805,783,214,46,63
43,858,485,61,884,745,252,37,53
59,782,542,41,828,744,236,53,42
39,918,602,54,826,899,220,40,52
49,882,509,39,916,769,256,37,58
44,939,517,60,836,747,265,52,31
44,826,505,46,861,946,232,45,52
58,949,484,48,791,697,227,49,36
53,904,538,40,785,911,215,42,44
57,906,548,42,836,909,212,34,34
48,827,554,62,827,911,225,33,45
60,769,498,57,850,742,249,56,40
44,771,470,43,821,526,199,43,38
51,742,468,43,797,758,242,46,60
52,865,544,55,804,914,194,42,50
48,842,552,48,716,899,210,64,45
63,862,515,51,791,944,229,40,34
50,782,531,56,831,948,253,51,56
54,816,508,67,751,519,216,43,42
28,870,620,48,860,913,278,48,59
50,864,444,33,902,943,232,42,66
38,938,546,59,782,531,219,41,52
35,785,599,51,783,717,205,51,51
40,788,521,51,850,591,250,30,45
38,865,626,55,723,762,218,51,72
56,1029,492,65,866,754,270,46,40
54,770,550,47,871,966,216,42,41
48,772,564,55,805,735,210,38,54
44,769,494,57,838,912,242,39,36
62,864,583,71,855,918,253,41,52
48,1044,497,37,738,731,202,52,37
54,792,557,74,831,751,258,50,43
51,905,529,45,761,600,238,56,41
48,868,506,46,796,529,265,45,51
53,653,490,53,799,736,217,57,56
49,836,515,50,800,970,208,49,53
45,793,456,45,726,759,186,28,47
57,837,587,50,893,775,262,43,47
51,910,569,61,718,930,233,45,38
58,926,551,57,894,784,237,55,62
44,817,496,36,824,934,207,53,37
41,898,549,50,848,982,233,48,46
41,802,581,46,791,964,196,54,46
40,881,600,43,828,517,278,26,51
62,886,551,51,837,804,228,57,50
53,796,517,55,676,535,224,49,57
33,867,549,46,743,981,220,53,58
53,723,494,47,784,497,237,51,47
61,819,497,50,872,984,210,54,45
48,947,544,54,899,975,227,47,50
50,880,510,50,765,762,216,34,64
48,847,525,68,890,705,267,50,41
51,936,551,49,772,739,244,41,60
71,884,627,54,909,926,216,50,41
37,909,507,55,877,931,252,38,45
48,796,481,50,828,708,238,36,55
63,869,480,43,832,961,248,40,58
47,873,547,53,780,921,194,52,67
57,828,502,64,799,900,268,34,44
50,749,525,57,766,941,196,32,67
45,787,571,50,668,781,276,43,46
52,906,518,65,887,740,254,45,46
50,753,527,49,744,535,194,43,35
59,894,507,60,831,916,258,41,43
54,707,513,46,876,801,223,61,42
49,883,493,53,867,713,218,42,38
50,831,541,50,863,958,290,48,48
40,756,517,51,846,763,224,38,58
47,779,569,52,763,878,225,32,46
37,884,574,34,823,750,241,35,47
67,848,522,46,855,731,200,46,56
50,889,563,55,802,514,201,43,76
68,889,491,46,776,738,211,33,70
52,952,535,69,737,756,211,60,56
63,903,615,51,882,737,269,47,58
47,807,580,53,879,895,217,36,60
38,937,590,52,797,762,256,42,78
49,731,461,65,844,856,264,47,53
49,981,461,39,852,477,225,48,56
42,826,503,53,725,553,232,35,40
48,768,586,43,793,716,227,37,52
57,943,561,47,848,585,216,51,35
39,972,590,53,738,758,244,42,30
48,864,567,55,876,729,260,46,56
48,931,517,55,864,715,274,50,62
41,919,457,51,816,501,254,56,52
51,882,476,43,819,526,229,51,46
38,885,522,63,782,970,272,47,53
46,808,524,57,889,741,205,36,40
58,929,502,59,733,751,210,47,50
36,912,553,52,827,745,239,52,46
55,810,569,47,822,741,209,43,52
45,925,492,56,804,879,227,40,62
60,884,542,41,869,930,211,46,67
51,924,507,47,731,725,199,42,69
54,986,546,60,778,873,219,53,55
38,1002,556,72,895,740,227,54,54
41,790,497,44,821,534,192,59,56
58,842,530,60,799,715,241,42,72
35,917,566,37,868,874,216,51,42
47,832,496,48,877,736,244,50,55
31,883,475,49,841,717,256,42,45
35,974,517,46,800,911,253,57,57
49,828,609,57,778,733,252,36,51
64,927,579,41,719,788,264,44,62
44,900,523,45,751,757,197,44,35
64,863,474,45,720,500,182,42,48
35,844,583,50,768,490,236,51,60
48,903,480,40,810,535,207,64,65
42,910,506,60,774,564,212,49,37
42,711,540,50,906,724,250,45,43
49,846,581,47,860,858,259,44,54
50,775,497,42,808,956,204,35,53
49,841,553,54,780,914,248,43,63
44,920,546,63,767,745,257,56,36
45,858,517,63,810,782,200,54,46
39,969,487,45,748,708,260,53,43
61,950,481,59,846,747,216,48,50
48,710,560,59,876,872,238,36,53
34,771,512,47,841,859,267,53,38
53,930,472,55,902,681,250,43,40
50,805,572,42,824,856,243,46,46
56,789,489,57,689,706,244,50,54
42,1013,562,57,855,736,204,49,71
49,993,527,64,834,499,225,33,38
41,808,493,52,838,941,257,36,53
56,896,554,60,847,939,196,41,40
33,863,511,53,799,887,253,51,37
28,938,477,49,819,516,198,48,42
65,1005,586,55,747,912,258,50,44
38,849,574,53,817,760,245,66,79
54,901,560,48,889,717,216,45,70
46,890,510,37,855,909,226,46,43
51,894,574,62,822,770,226,44,40
49,765,594,59,701,548,200,45,33
54,902,515,52,861,916,246,36,38
47,910,542,59,847,919,254,42,50
55,779,552,51,900,951,264,29,44
43,927,522,58,853,764,240,51,49
41,849,490,58,755,524,215,47,58
46,751,525,45,838,748,198,53,41
60,932,553,67,823,501,194,53,47
58,995,598,57,802,527,196,43,42
46,865,544,54,730,931,208,46,52
54,915,542,42,738,961,217,44,48
45,836,452,67,831,768,196,35,59
43,811,492,51,751,911,259,51,50
50,852,558,57,783,544,189,47,52
46,965,510,60,829,979,232,50,38
49,830,551,43,860,963,190,62,61
60,836,511,51,773,737,202,30,42
52,805,485,55,839,545,244,38,73
51,1028,495,61,880,838,214,60,54
51,778,513,58,831,907,263,43,70
45,882,499,48,812,792,207,54,52
46,887,554,53,869,890,275,39,51
34,781,483,37,877,918,216,48,61
48,826,558,41,823,760,260,56,56
41,834,513,55,823,562,230,38,45
63,858,569,58,807,556,218,48,29
49,895,519,53,758,745,212,38,51
51,808,551,52,863,931,226,43,48
52,896,490,58,763,782,239,45,44
45,969,532,55,899,731,266,51,78
38,962,584,60,866,857,233,60,65
45,887,568,53,850,921,248,49,34
49,784,493,63,786,739,215,43,25
44,861,464,70,772,905,211,63,52
49,973,516,60,810,755,216,49,65
37,862,534,59,820,725,252,48,67
54,1021,577,46,774,789,211,49,54
42,894,510,59,852,729,227,38,76
45,822,517,49,733,961,254,36,41
36,828,527,52,848,698,218,39,40
56,923,448,53,881,886,229,37,54
45,782,482,44,705,512,201,47,65
47,897,558,49,816,795,244,38,43
67,887,575,60,754,783,208,58,58
37,814,514,63,909,922,273,45,45
56,881,539,53,837,743,246,38,57
52,844,515,48,841,762,210,43,58
43,971,482,43,824,551,236,51,46
51,954,503,47,808,749,258,41,42
52,882,508,41,869,863,242,44,36
40,985,555,51,849,762,216,29,36
50,785,566,47,803,887,256,46,72
57,781,578,46,858,768,239,44,53
45,811,488,43,791,715,188,51,42
57,711,508,44,875,497,209,54,36
47,802,543,54,871,761,256,47,48
57,990,511,54,872,781,206,50,49
58,1009,519,48,848,766,239,43,36
50,850,570,40,817,960,249,47,57
41,870,603,50,676,540,251,41,53
39,921,534,54,890,933,229,48,55
55,881,520,61,787,780,200,45,41
45,918,480,45,883,748,218,48,50
56,818,490,45,772,487,260,37,82
45,989,521,51,841,920,257,47,59
60,765,540,52,826,956,214,48,54
50,882,489,60,883,768,243,47,38
38,807,496,53,845,569,266,40,33
57,766,470,61,845,715,272,44,42
53,760,550,49,799,708,256,40,21
53,732,483,44,755,515,235,40,61
54,891,493,46,813,741,247,45,46
39,834,528,50,910,754,256,56,44
58,890,545,45,719,753,233,46,42
52,826,485,43,806,555,255,55,46
56,787,596,48,810,1005,210,42,39
36,905,480,38,864,535,233,37,37
43,817,581,43,852,760,215,34,70
51,840,520,42,883,978,250,55,40
53,797,545,43,828,903,225,49,33
56,903,508,50,863,892,213,41,75
51,905,567,46,744,955,210,32,73
46,818,461,55,808,736,211,48,42
42,952,504,68,814,955,258,53,38
42,887,514,52,798,888,212,34,61
60,820,508,58,854,980,241,32,62
50,723,508,33,873,932,262,51,66
29,891,497,51,737,778,253,56,56
43,858,527,41,836,787,243,40,37
54,816,509,53,840,533,195,43,36
54,934,565,41,818,851,268,37,62
56,888,575,56,811,712,270,37,33
60,837,481,61,894,902,229,52,51
49,842,499,47,885,904,242,45,39
62,733,509,41,819,932,203,48,46
43,927,497,55,814,736,230,57,40
45,801,543,63,823,713,220,42,34
52,762,476,42,780,724,237,45,50
40,787,555,45,887,724,268,62,63
40,877,486,51,824,760,203,28,49
51,865,573,51,861,926,210,40,42
49,767,486,40,716,754,270,37,42
61,956,499,50,829,913,246,53,41
47,828,525,50,855,900,241,50,49
43,932,557,44,820,733,203,39,41
48,811,462,40,803,932,229,49,51
47,887,520,48,835,699,239,46,55
49,915,571,35,775,967,274,43,61
49,888,562,49,793,553,275,34,33
32,953,561,47,738,942,292,63,72
42,979,506,59,780,969,231,43,43
52,1015,532,62,840,504,221,53,47
59,898,566,48,789,984,240,34,45
47,970,509,62,813,975,212,49,46
55,919,594,53,840,554,202,53,51
50,904,581,45,810,940,234,58,38
38,927,552,49,806,924,254,57,44
43,1018,556,53,821,546,256,33,49
34,788,495,48,844,533,197,43,51
69,834,541,44,866,895,267,60,40
46,767,534,55,787,743,227,58,66
47,894,532,42,938,749,262,57,54
32,762,506,50,851,911,238,43,37
46,972,488,55,883,752,213,50,42
52,729,480,52,815,784,271,46,46
70,812,499,46,773,752,247,42,49
48,833,506,48,912,929,258,53,67
51,888,495,47,804,845,224,39,39
51,879,565,52,766,759,237,61,60
56,816,577,60,858,738,264,55,44
43,858,500,63,720,513,249,38,47
33,896,548,64,854,887,216,43,51
51,942,569,56,755,955,226,59,51
47,731,486,48,798,502,267,38,49
52,932,499,38,831,773,254,39,46
53,795,530,58,814,979,210,52,43
39,822,598,53,754,782,231,34,31
35,786,611,48,779,528,172,44,67
48,799,506,49,790,899,247,36,52
33,985,533,62,825,537,225,45,53
67,890,512,45,846,708,210,56,42
44,1024,518,48,783,788,275,58,42
55,727,499,45,753,740,193,53,54
40,1005,532,55,756,510,209,47,56
48,666,551,42,811,972,254,53,50
61,769,578,47,740,947,212,46,46
47,902,575,48,852,959,284,48,45
37,809,524,53,859,742,248,41,43
53,985,606,45,728,954,201,40,54
43,760,565,55,896,929,225,36,55
63,727,489,40,819,984,244,44,42
41,848,621,56,774,733,267,53,54
52,949,485,57,715,748,210,43,46
46,879,480,48,791,777,186,48,61
56,763,502,63,824,916,195,47,43
46,850,503,66,746,707,228,42,57
34,772,577,54,786,763,202,48,77
47,788,587,47,757,507,239,45,37
67,774,548,54,758,787,223,31,44
47,775,558,60,802,706,217,41,45
53,801,509,49,877,775,208,57,50
53,877,487,51,870,782,253,40,39
48,930,602,55,774,752,274,50,51
54,979,584,63,763,491,261,52,45
42,911,501,57,849,728,209,60,53
53,715,562,60,716,715,203,49,31
51,883,540,51,793,778,208,53,40
57,965,562,66,766,902,204,34,57
48,909,494,47,751,776,259,39,40
28,854,560,52,783,987,272,37,41
44,954,539,56,885,916,270,53,48
60,878,512,55,824,756,277,37,47
63,879,549,46,774,540,240,40,47
50,835,597,48,884,872,193,46,60
52,877,526,51,849,1008,197,40,49
51,881,474,47,733,815,234,47,70
45,880,489,45,817,524,229,30,45
42,890,542,47,831,745,182,41,43
55,812,591,43,734,508,240,51,32
36,889,553,58,851,925,261,44,60
39,754,461,34,814,978,209,40,58
29,798,580,46,776,944,196,44,40
54,879,545,67,862,523,223,42,74
40,800,494,63,806,874,208,49,61
38,930,553,51,753,773,257,55,44
57,790,532,56,821,566,243,41,34
58,863,532,53,823,954,242,44,43
45,866,522,48,819,975,202,46,30
57,899,573,51,794,542,317,42,41
41,880,512,39,946,516,248,35,61
42,815,523,59,849,727,249,46,43
46,861,554,54,719,1000,205,39,45
40,766,471,56,795,1007,226,36,47
30,1001,572,64,851,567,251,40,48
49,853,509,45,840,800,234,43,39
52,857,473,53,867,914,228,65,50
45,955,517,68,677,922,195,37,51
50,824,494,47,758,895,206,40,41
55,780,565,66,855,912,224,38,48
